territory_id,МО,регион,категория,месяц,отклонение_%,z
1673,Орск,Оренбургская область,Все категории,2024-03,0.2383104200793129,0.2060752457628897
1673,Орск,Оренбургская область,Все категории,2024-04,0.8490324475563749,0.6983701413072662
1673,Орск,Оренбургская область,Все категории,2024-05,7.3872708959972275,6.330970189791263
1673,Орск,Оренбургская область,Все категории,2024-06,2.1974783045305646,1.8783485781734837
1673,Орск,Оренбургская область,Все категории,2024-07,-1.7468923557720284,-1.5662626474096024
1673,Орск,Оренбургская область,Продовольствие,2024-03,0.43202691251937875,0.38958225618842907
1673,Орск,Оренбургская область,Продовольствие,2024-04,5.63331550988223,4.9442794413091375
1673,Орск,Оренбургская область,Продовольствие,2024-05,5.841150786278037,5.157345979171554
1673,Орск,Оренбургская область,Продовольствие,2024-06,-0.8041884357740781,-0.7430863933791396
1673,Орск,Оренбургская область,Продовольствие,2024-07,-3.5367638138033506,-3.328334583681075
1673,Орск,Оренбургская область,Здоровье,2024-03,3.4029342858607317,0.923023301038618
1673,Орск,Оренбургская область,Здоровье,2024-04,-8.581050923882804,-2.1620439471501793
1673,Орск,Оренбургская область,Здоровье,2024-05,9.015905931721118,2.4075609908974376
1673,Орск,Оренбургская область,Здоровье,2024-06,9.152661975158939,2.4246713420964916
1673,Орск,Оренбургская область,Здоровье,2024-07,2.9656085537470456,0.7605469823693256
1673,Орск,Оренбургская область,Маркетплейсы,2024-03,-2.4219104369962885,-0.8481292824044718
1673,Орск,Оренбургская область,Маркетплейсы,2024-04,-4.363344178222317,-1.425384856159918
1673,Орск,Оренбургская область,Маркетплейсы,2024-05,11.616084421601375,3.92055146917182
1673,Орск,Оренбургская область,Маркетплейсы,2024-06,10.124775104839024,3.290436566980361
1673,Орск,Оренбургская область,Маркетплейсы,2024-07,0.21276405506181484,0.07518456839208254
1673,Орск,Оренбургская область,Общественное питание,2024-03,-0.3049686957420472,-0.06718972236508365
1673,Орск,Оренбургская область,Общественное питание,2024-04,-8.497848535811936,-1.7556718332260688
1673,Орск,Оренбургская область,Общественное питание,2024-05,16.221327070993514,3.433258280617124
1673,Орск,Оренбургская область,Общественное питание,2024-06,0.28609702383310953,0.06333902787380565
1673,Орск,Оренбургская область,Общественное питание,2024-07,-0.0005481566172138574,-0.0001297397183655996
1673,Орск,Оренбургская область,Транспорт,2024-03,3.1995783062854555,1.3185570896652978
1673,Орск,Оренбургская область,Транспорт,2024-04,-0.5856876272877121,-0.2352365945524543
1673,Орск,Оренбургская область,Транспорт,2024-05,1.8973144632018046,0.8165939173453236
1673,Орск,Оренбургская область,Транспорт,2024-06,-0.20508807706538512,-0.08752772322085577
1673,Орск,Оренбургская область,Транспорт,2024-07,0.12377593314718549,0.0542136275481243
1665,Оренбург,Оренбургская область,Все категории,2024-03,1.1479144752921888,0.6764911995803499
1665,Оренбург,Оренбургская область,Все категории,2024-04,0.6736105645901769,0.37961591612170886
1665,Оренбург,Оренбургская область,Все категории,2024-05,0.28299985210027967,0.1719476245847415
1665,Оренбург,Оренбургская область,Все категории,2024-06,2.964709478966454,1.7283686336213486
1665,Оренбург,Оренбургская область,Все категории,2024-07,0.40866574958178803,0.2480814620531625
1665,Оренбург,Оренбургская область,Продовольствие,2024-03,0.7134183946712502,0.6405558093898064
1665,Оренбург,Оренбургская область,Продовольствие,2024-04,0.8438690389810266,0.7556599137237984
1665,Оренбург,Оренбургская область,Продовольствие,2024-05,1.2347407491059337,1.1114197074946712
1665,Оренбург,Оренбургская область,Продовольствие,2024-06,-0.5738564607941088,-0.5280849104999353
1665,Оренбург,Оренбургская область,Продовольствие,2024-07,-2.1621518647594042,-2.0143866337491754
1665,Оренбург,Оренбургская область,Здоровье,2024-03,4.733137620349831,1.6345028923686526
1665,Оренбург,Оренбургская область,Здоровье,2024-04,-2.22394380622134,-0.697148580903791
1665,Оренбург,Оренбургская область,Здоровье,2024-05,0.9466290945138456,0.33710425076241857
1665,Оренбург,Оренбургская область,Здоровье,2024-06,8.614082916308075,2.93185019058231
1665,Оренбург,Оренбургская область,Здоровье,2024-07,3.2727139230792512,1.074022127315074
1665,Оренбург,Оренбургская область,Маркетплейсы,2024-03,-3.547752139195026,-1.4645150724664882
1665,Оренбург,Оренбургская область,Маркетплейсы,2024-04,-1.8496486584688943,-0.6996210912141796
1665,Оренбург,Оренбургская область,Маркетплейсы,2024-05,-2.8360521722895102,-1.206627622483828
1665,Оренбург,Оренбургская область,Маркетплейсы,2024-06,7.538276460750937,2.9057847667996364
1665,Оренбург,Оренбургская область,Маркетплейсы,2024-07,2.46048341274418,1.0072900025273914
1665,Оренбург,Оренбургская область,Общественное питание,2024-03,-2.1779103204581873,-0.726022701338245
1665,Оренбург,Оренбургская область,Общественное питание,2024-04,0.2005729286563951,0.05974569630595695
1665,Оренбург,Оренбургская область,Общественное питание,2024-05,3.8721552799526213,1.3010535930476825
1665,Оренбург,Оренбургская область,Общественное питание,2024-06,-3.5462747472694955,-1.1995788488206587
1665,Оренбург,Оренбургская область,Общественное питание,2024-07,-5.840552188835252,-2.1381317255547634
1665,Оренбург,Оренбургская область,Транспорт,2024-03,3.5940868373669277,1.3464388604883377
1665,Оренбург,Оренбургская область,Транспорт,2024-04,-1.8094027290738723,-0.6656412416697861
1665,Оренбург,Оренбургская область,Транспорт,2024-05,-1.2332872803229256,-0.49102301836416534
1665,Оренбург,Оренбургская область,Транспорт,2024-06,-2.354014489585665,-0.924771390364389
1665,Оренбург,Оренбургская область,Транспорт,2024-07,-3.6580582768338976,-1.4877256263025307
1679,Акбулакский,Оренбургская область,Все категории,2024-03,5.550872586042899,2.0687314282088693
1679,Акбулакский,Оренбургская область,Все категории,2024-04,5.72916714369901,2.037578508023416
1679,Акбулакский,Оренбургская область,Все категории,2024-05,-4.234681179856409,-1.7013576614894403
1679,Акбулакский,Оренбургская область,Все категории,2024-06,-2.3731874549565823,-0.9175648628781292
1679,Акбулакский,Оренбургская область,Все категории,2024-07,-4.436236998036863,-1.783783771722919
1679,Акбулакский,Оренбургская область,Продовольствие,2024-03,1.8148772131164614,0.37389877725501053
1679,Акбулакский,Оренбургская область,Продовольствие,2024-04,3.014427635570749,0.6161902841222313
1679,Акбулакский,Оренбургская область,Продовольствие,2024-05,0.8981053512092774,0.18680183339893688
1679,Акбулакский,Оренбургская область,Продовольствие,2024-06,-0.1781599505174869,-0.037746419837416556
1679,Акбулакский,Оренбургская область,Продовольствие,2024-07,-5.108135801782182,-1.1148532675126839
1679,Акбулакский,Оренбургская область,Здоровье,2024-03,3.99663200480051,0.3259233764786952
1679,Акбулакский,Оренбургская область,Здоровье,2024-04,-11.407843182928923,-0.8785805693611908
1679,Акбулакский,Оренбургская область,Здоровье,2024-05,-1.0561270052829197,-0.08941166149553804
1679,Акбулакский,Оренбургская область,Здоровье,2024-06,-1.2358612128769764,-0.10392223362250233
1679,Акбулакский,Оренбургская область,Здоровье,2024-07,4.731479198270938,0.3628914730698163
1679,Акбулакский,Оренбургская область,Маркетплейсы,2024-03,0.2592071578177646,0.08054687148145354
1679,Акбулакский,Оренбургская область,Маркетплейсы,2024-04,-2.442093529727518,-0.7110605584874627
1679,Акбулакский,Оренбургская область,Маркетплейсы,2024-05,-15.557101526987644,-5.462863111963659
1679,Акбулакский,Оренбургская область,Маркетплейсы,2024-06,7.361493841156852,2.180037671985117
1679,Акбулакский,Оренбургская область,Маркетплейсы,2024-07,5.094327765548473,1.5799116286985022
1679,Акбулакский,Оренбургская область,Общественное питание,2024-03,-1.244697086533686,-0.06002948156330013
1679,Акбулакский,Оренбургская область,Общественное питание,2024-04,21.343393748333995,0.8480982546878602
1679,Акбулакский,Оренбургская область,Общественное питание,2024-05,18.530196257496108,0.8460147217436005
1679,Акбулакский,Оренбургская область,Общественное питание,2024-06,10.350593588258072,0.4764318101949118
1679,Акбулакский,Оренбургская область,Общественное питание,2024-07,-5.376178342505616,-0.28531681865913566
1679,Акбулакский,Оренбургская область,Транспорт,2024-03,10.062258363710974,2.0282092932454874
1679,Акбулакский,Оренбургская область,Транспорт,2024-04,12.868432181463552,2.4584790997323425
1679,Акбулакский,Оренбургская область,Транспорт,2024-05,-2.5180459827310764,-0.5592118607592693
1679,Акбулакский,Оренбургская область,Транспорт,2024-06,-13.383055954655621,-3.0871525698674867
1679,Акбулакский,Оренбургская область,Транспорт,2024-07,-17.174409408959225,-4.171542633422699
1690,Курманаевский,Оренбургская область,Все категории,2024-03,-4.426687381301575,-1.4084012134328618
1690,Курманаевский,Оренбургская область,Все категории,2024-04,4.576685001638181,1.3297399927201707
1690,Курманаевский,Оренбургская область,Все категории,2024-05,-6.696992043158806,-2.2155397384673736
1690,Курманаевский,Оренбургская область,Все категории,2024-06,-1.010057427302602,-0.31521051054069993
1690,Курманаевский,Оренбургская область,Все категории,2024-07,-3.1166622498348397,-1.0114043556740762
1690,Курманаевский,Оренбургская область,Продовольствие,2024-03,-0.7251113202581427,-0.11002518888849548
1690,Курманаевский,Оренбургская область,Продовольствие,2024-04,-1.9223103098683247,-0.29282721421346664
1690,Курманаевский,Оренбургская область,Продовольствие,2024-05,-5.15039038305225,-0.8033906464988333
1690,Курманаевский,Оренбургская область,Продовольствие,2024-06,-4.42485955712546,-0.6969178668871215
1690,Курманаевский,Оренбургская область,Продовольствие,2024-07,4.423450436929427,0.6691058309149025
1690,Курманаевский,Оренбургская область,Здоровье,2024-03,-4.242179226716808,-0.7042314740807261
1690,Курманаевский,Оренбургская область,Здоровье,2024-04,-5.740308944861894,-0.8399740930844767
1690,Курманаевский,Оренбургская область,Здоровье,2024-05,-15.074494049534943,-2.6923101596600456
1690,Курманаевский,Оренбургская область,Здоровье,2024-06,-7.516907415801477,-1.2756712646520914
1690,Курманаевский,Оренбургская область,Здоровье,2024-07,-5.9611331677384864,-0.9396684896152862
1690,Курманаевский,Оренбургская область,Маркетплейсы,2024-03,-4.80928678267214,-0.5245631775344908
1690,Курманаевский,Оренбургская область,Маркетплейсы,2024-04,12.128497573069541,1.130661884303576
1690,Курманаевский,Оренбургская область,Маркетплейсы,2024-05,-11.498370046981348,-1.3477615530928733
1690,Курманаевский,Оренбургская область,Маркетплейсы,2024-06,3.952773015251121,0.40683176436528573
1690,Курманаевский,Оренбургская область,Маркетплейсы,2024-07,-13.811379589331302,-1.6218667062115024
1690,Курманаевский,Оренбургская область,Общественное питание,2024-03,-33.30422998967696,-1.8778340120766532
1690,Курманаевский,Оренбургская область,Общественное питание,2024-04,-9.987985174222203,-0.4414728676440699
1690,Курманаевский,Оренбургская область,Общественное питание,2024-05,-10.848811391382013,-0.5573616025199549
1690,Курманаевский,Оренбургская область,Общественное питание,2024-06,14.18156065730518,0.6257307080258961
1690,Курманаевский,Оренбургская область,Общественное питание,2024-07,54.27538204679363,2.164545152035497
1690,Курманаевский,Оренбургская область,Транспорт,2024-03,-12.2451909038222,-1.9074294425499843
1690,Курманаевский,Оренбургская область,Транспорт,2024-04,-5.287326734889842,-0.7596724029894796
1690,Курманаевский,Оренбургская область,Транспорт,2024-05,-2.686645856724079,-0.4139852609960927
1690,Курманаевский,Оренбургская область,Транспорт,2024-06,-7.624244462654861,-1.182109784271868
1690,Курманаевский,Оренбургская область,Транспорт,2024-07,3.5962016157633614,0.5416949287201781
1693,Новосергиевский,Оренбургская область,Все категории,2024-03,0.08841304444726639,0.03669959872636128
1693,Новосергиевский,Оренбургская область,Все категории,2024-04,-0.2564931192314046,-0.10172818222915138
1693,Новосергиевский,Оренбургская область,Все категории,2024-05,-2.3116731450813663,-0.9973390868097493
1693,Новосергиевский,Оренбургская область,Все категории,2024-06,0.3859872704049305,0.1596666955813404
1693,Новосергиевский,Оренбургская область,Все категории,2024-07,0.6840786374118057,0.29056975037558447
1693,Новосергиевский,Оренбургская область,Продовольствие,2024-03,4.359303052468211,1.599084268646141
1693,Новосергиевский,Оренбургская область,Продовольствие,2024-04,-0.05358425967739722,-0.020040349939249316
1693,Новосергиевский,Оренбургская область,Продовольствие,2024-05,0.3492624919521403,0.1312963785935689
1693,Новосергиевский,Оренбургская область,Продовольствие,2024-06,-4.281167637310612,-1.6696725540413144
1693,Новосергиевский,Оренбургская область,Продовольствие,2024-07,-0.28618977562432923,-0.10981336701722652
1693,Новосергиевский,Оренбургская область,Здоровье,2024-03,5.736367035318518,0.6476087542815181
1693,Новосергиевский,Оренбургская область,Здоровье,2024-04,-3.0871601624078093,-0.31917399209506303
1693,Новосергиевский,Оренбургская область,Здоровье,2024-05,-0.98570518436501,-0.11646890008843991
1693,Новосергиевский,Оренбургская область,Здоровье,2024-06,-1.5880939539764993,-0.18678806461108854
1693,Новосергиевский,Оренбургская область,Здоровье,2024-07,1.4241993079631698,0.15488610165352001
1693,Новосергиевский,Оренбургская область,Маркетплейсы,2024-03,-10.736321870328213,-1.9331721916662716
1693,Новосергиевский,Оренбургская область,Маркетплейсы,2024-04,-3.2403073648671454,-0.5177221138049624
1693,Новосергиевский,Оренбургская область,Маркетплейсы,2024-05,-8.330626686470216,-1.5329183893472995
1693,Новосергиевский,Оренбургская область,Маркетплейсы,2024-06,12.55579408074552,1.9844716864254668
1693,Новосергиевский,Оренбургская область,Маркетплейсы,2024-07,3.6735984679159674,0.6272224884304836
1693,Новосергиевский,Оренбургская область,Общественное питание,2024-03,-2.284900510394927,-0.19801902652376008
1693,Новосергиевский,Оренбургская область,Общественное питание,2024-04,-0.7577057867958037,-0.05889179671661437
1693,Новосергиевский,Оренбургская область,Общественное питание,2024-05,-7.379248560089918,-0.6822198278447543
1693,Новосергиевский,Оренбургская область,Общественное питание,2024-06,26.06775966465711,2.006638637426211
1693,Новосергиевский,Оренбургская область,Общественное питание,2024-07,20.149130464608806,1.6870093426763024
1693,Новосергиевский,Оренбургская область,Транспорт,2024-03,5.718444941532508,2.690384839415812
1693,Новосергиевский,Оренбургская область,Транспорт,2024-04,-9.206756627212908,-4.451372400390681
1693,Новосергиевский,Оренбургская область,Транспорт,2024-05,-3.95346825042151,-2.0242762885685557
1693,Новосергиевский,Оренбургская область,Транспорт,2024-06,-6.64888920379576,-3.3860445174650087
1693,Новосергиевский,Оренбургская область,Транспорт,2024-07,-1.824763164419052,-0.9323724894214706
1688,Кваркенский,Оренбургская область,Все категории,2024-03,1.5315236896884965,0.29786061777904266
1688,Кваркенский,Оренбургская область,Все категории,2024-04,4.440331757824135,0.8130620470713106
1688,Кваркенский,Оренбургская область,Все категории,2024-05,1.840955554301732,0.3669399885842212
1688,Кваркенский,Оренбургская область,Все категории,2024-06,-3.456618701194014,-0.6878310596286273
1688,Кваркенский,Оренбургская область,Все категории,2024-07,-4.626233739180402,-0.9530874951006943
1688,Кваркенский,Оренбургская область,Продовольствие,2024-03,5.658011605952917,1.7774231075672928
1688,Кваркенский,Оренбургская область,Продовольствие,2024-04,2.963739174398816,0.9411826654449683
1688,Кваркенский,Оренбургская область,Продовольствие,2024-05,1.7400147703113933,0.5597956351549357
1688,Кваркенский,Оренбургская область,Продовольствие,2024-06,-0.24033805503489436,-0.07911199365951892
1688,Кваркенский,Оренбургская область,Продовольствие,2024-07,1.4854814278743744,0.4867994108662527
1688,Кваркенский,Оренбургская область,Здоровье,2024-03,11.590510973635764,1.839725748861054
1688,Кваркенский,Оренбургская область,Здоровье,2024-04,-6.916888206785032,-1.0522296084040765
1688,Кваркенский,Оренбургская область,Здоровье,2024-05,0.10793960685144266,0.018332130354885783
1688,Кваркенский,Оренбургская область,Здоровье,2024-06,-1.843519102503155,-0.3138464773377915
1688,Кваркенский,Оренбургская область,Здоровье,2024-07,-3.0424375797326486,-0.48869974984503917
1688,Кваркенский,Оренбургская область,Маркетплейсы,2024-03,-3.7330331264392003,-0.5518284787683144
1688,Кваркенский,Оренбургская область,Маркетплейсы,2024-04,2.914387580467459,0.38570626554849996
1688,Кваркенский,Оренбургская область,Маркетплейсы,2024-05,-2.848361186242504,-0.43357514035537653
1688,Кваркенский,Оренбургская область,Маркетплейсы,2024-06,0.7397646849059303,0.1054185871170608
1688,Кваркенский,Оренбургская область,Маркетплейсы,2024-07,-2.0320649587778403,-0.3046026951206939
1688,Кваркенский,Оренбургская область,Общественное питание,2024-03,13.162971246808508,1.066494736905895
1688,Кваркенский,Оренбургская область,Общественное питание,2024-04,12.91171553264795,0.9517940155530612
1688,Кваркенский,Оренбургская область,Общественное питание,2024-05,-27.789972078026874,-2.9107429992146048
1688,Кваркенский,Оренбургская область,Общественное питание,2024-06,-9.652982662486298,-0.8791830280105651
1688,Кваркенский,Оренбургская область,Общественное питание,2024-07,8.351412443276358,0.7416011160869141
1688,Кваркенский,Оренбургская область,Транспорт,2024-03,5.8286729879413635,0.9752419988014033
1688,Кваркенский,Оренбургская область,Транспорт,2024-04,13.56147181193953,2.103736052707781
1688,Кваркенский,Оренбургская область,Транспорт,2024-05,1.8593595701474674,0.32896660260553834
1688,Кваркенский,Оренбургская область,Транспорт,2024-06,-8.971544625274552,-1.6455971516348418
1688,Кваркенский,Оренбургская область,Транспорт,2024-07,0.003335356023448366,0.0006007940249290494
1678,Адамовский,Оренбургская область,Все категории,2024-03,-0.5652044242272947,-0.12434256952485934
1678,Адамовский,Оренбургская область,Все категории,2024-04,-0.5055974709907152,-0.10605796866597542
1678,Адамовский,Оренбургская область,Все категории,2024-05,-0.111694959666514,-0.025170893164225213
1678,Адамовский,Оренбургская область,Все категории,2024-06,4.460561790283157,0.9556745307457006
1678,Адамовский,Оренбургская область,Все категории,2024-07,-3.6151360424566734,-0.8293654445885662
1678,Адамовский,Оренбургская область,Продовольствие,2024-03,2.0181994379748325,0.4602560658947273
1678,Адамовский,Оренбургская область,Продовольствие,2024-04,2.216997794605302,0.5040854461331766
1678,Адамовский,Оренбургская область,Продовольствие,2024-05,-2.640838807188406,-0.6194961580150523
1678,Адамовский,Оренбургская область,Продовольствие,2024-06,-0.43069775249695574,-0.10123932369368831
1678,Адамовский,Оренбургская область,Продовольствие,2024-07,-0.2311666209303176,-0.0545121544500434
1678,Адамовский,Оренбургская область,Здоровье,2024-03,5.857709988147936,1.3911292376061735
1678,Адамовский,Оренбургская область,Здоровье,2024-04,-11.287728612218817,-2.553248634067857
1678,Адамовский,Оренбургская область,Здоровье,2024-05,4.152411182162913,1.0061298799893654
1678,Адамовский,Оренбургская область,Здоровье,2024-06,4.967155858983996,1.1897809728828166
1678,Адамовский,Оренбургская область,Здоровье,2024-07,-4.953371645979887,-1.1695720702324606
1678,Адамовский,Оренбургская область,Маркетплейсы,2024-03,-11.34193669492901,-0.9732908988397189
1678,Адамовский,Оренбургская область,Маркетплейсы,2024-04,-7.090912479253653,-0.5483308913994915
1678,Адамовский,Оренбургская область,Маркетплейсы,2024-05,-1.8973213965693347,-0.16008327795201668
1678,Адамовский,Оренбургская область,Маркетплейсы,2024-06,16.264363814303962,1.2009476383433861
1678,Адамовский,Оренбургская область,Маркетплейсы,2024-07,0.9243768491472404,0.07601693549571804
1678,Адамовский,Оренбургская область,Общественное питание,2024-03,-16.143348585490823,-0.5458161941400125
1678,Адамовский,Оренбургская область,Общественное питание,2024-04,-7.479064442625239,-0.21742899239314947
1678,Адамовский,Оренбургская область,Общественное питание,2024-05,30.469161662281113,0.8586932700725889
1678,Адамовский,Оренбургская область,Общественное питание,2024-06,22.92874682641719,0.6487495326216763
1678,Адамовский,Оренбургская область,Общественное питание,2024-07,31.60591530563886,0.9146102728211025
1678,Адамовский,Оренбургская область,Транспорт,2024-03,6.9033403834247276,1.0437417080929892
1678,Адамовский,Оренбургская область,Транспорт,2024-04,-2.3428200549664546,-0.35408133107479456
1678,Адамовский,Оренбургская область,Транспорт,2024-05,2.145136727991037,0.3441612129737101
1678,Адамовский,Оренбургская область,Транспорт,2024-06,6.313498424927966,0.9747544756513805
1678,Адамовский,Оренбургская область,Транспорт,2024-07,0.30017049529366124,0.04902569127618248
1675,Сорочинский,Оренбургская область,Все категории,2024-03,3.478962569780819,2.961170934576782
1675,Сорочинский,Оренбургская область,Все категории,2024-04,3.3736767639752308,2.7426268615156997
1675,Сорочинский,Оренбургская область,Все категории,2024-05,0.0019149502979487476,0.0017020633197363962
1675,Сорочинский,Оренбургская область,Все категории,2024-06,-1.794756661480179,-1.5646530234067644
1675,Сорочинский,Оренбургская область,Все категории,2024-07,-3.434517067497417,-3.106531267320855
1675,Сорочинский,Оренбургская область,Продовольствие,2024-03,1.463612051327523,1.460375434312304
1675,Сорочинский,Оренбургская область,Продовольствие,2024-04,1.8233093630440789,1.8124189558289339
1675,Сорочинский,Оренбургская область,Продовольствие,2024-05,1.6275175617275761,1.6308415488740629
1675,Сорочинский,Оренбургская область,Продовольствие,2024-06,-1.332231184063437,-1.372683501669003
1675,Сорочинский,Оренбургская область,Продовольствие,2024-07,-1.3434077243872744,-1.390152151172235
1675,Сорочинский,Оренбургская область,Здоровье,2024-03,8.01755653071156,2.446918852251604
1675,Сорочинский,Оренбургская область,Здоровье,2024-04,-6.81588517287196,-1.9595471925778305
1675,Сорочинский,Оренбургская область,Здоровье,2024-05,-3.183824518976702,-1.040099698180574
1675,Сорочинский,Оренбургская область,Здоровье,2024-06,-1.0664460112532526,-0.34190375539701695
1675,Сорочинский,Оренбургская область,Здоровье,2024-07,-3.461375840302605,-1.0534267147636678
1675,Сорочинский,Оренбургская область,Маркетплейсы,2024-03,-1.6743390917106638,-0.8601832078362955
1675,Сорочинский,Оренбургская область,Маркетплейсы,2024-04,5.0475819876392265,2.3239236301977817
1675,Сорочинский,Оренбургская область,Маркетплейсы,2024-05,-2.507594562304533,-1.3383483082481675
1675,Сорочинский,Оренбургская область,Маркетплейсы,2024-06,4.2899099675692165,2.1104202468889155
1675,Сорочинский,Оренбургская область,Маркетплейсы,2024-07,-1.8550492165983645,-0.9758483154693661
1675,Сорочинский,Оренбургская область,Общественное питание,2024-03,-3.884125160420615,-0.5397960812709282
1675,Сорочинский,Оренбургская область,Общественное питание,2024-04,-5.37060095601184,-0.6779155384526744
1675,Сорочинский,Оренбургская область,Общественное питание,2024-05,9.182856660863765,1.2437064394512618
1675,Сорочинский,Оренбургская область,Общественное питание,2024-06,7.631526582589654,1.0115534165468487
1675,Сорочинский,Оренбургская область,Общественное питание,2024-07,7.458090455471461,1.0537965931749516
1675,Сорочинский,Оренбургская область,Транспорт,2024-03,5.153704723291752,2.4310128109784515
1675,Сорочинский,Оренбургская область,Транспорт,2024-04,-1.8630423380081917,-0.8694726910704543
1675,Сорочинский,Оренбургская область,Транспорт,2024-05,0.4345166492822683,0.2175863036731491
1675,Сорочинский,Оренбургская область,Транспорт,2024-06,-7.712872826837646,-3.9497342113906884
1675,Сорочинский,Оренбургская область,Транспорт,2024-07,-4.717358336916,-2.4467776129936754
1667,Бугуруслан,Оренбургская область,Все категории,2024-03,0.46105524397543896,0.3193439443994993
1667,Бугуруслан,Оренбургская область,Все категории,2024-04,1.2076584418006298,0.7951995242685872
1667,Бугуруслан,Оренбургская область,Все категории,2024-05,-2.5920382859652538,-1.8721959369865986
1667,Бугуруслан,Оренбургская область,Все категории,2024-06,1.0889756684998364,0.7504463918831379
1667,Бугуруслан,Оренбургская область,Все категории,2024-07,1.4568248891171531,1.0304360746206485
1667,Бугуруслан,Оренбургская область,Продовольствие,2024-03,0.1753620750103213,0.1740993510353081
1667,Бугуруслан,Оренбургская область,Продовольствие,2024-04,0.4851555452750289,0.479948787768237
1667,Бугуруслан,Оренбургская область,Продовольствие,2024-05,-0.586625733661339,-0.5875952455300802
1667,Бугуруслан,Оренбургская область,Продовольствие,2024-06,-1.1372353111163025,-1.1574151682999279
1667,Бугуруслан,Оренбургская область,Продовольствие,2024-07,-0.44900771073635437,-0.4573092670773881
1667,Бугуруслан,Оренбургская область,Здоровье,2024-03,3.888990315322011,2.1583673582421667
1667,Бугуруслан,Оренбургская область,Здоровье,2024-04,-4.027920533095564,-2.037583525785357
1667,Бугуруслан,Оренбургская область,Здоровье,2024-05,-2.899087372952974,-1.6856425161516906
1667,Бугуруслан,Оренбургская область,Здоровье,2024-06,1.6888080762811453,0.9516638493683153
1667,Бугуруслан,Оренбургская область,Здоровье,2024-07,5.2422462370668725,2.728425385774206
1667,Бугуруслан,Оренбургская область,Маркетплейсы,2024-03,-2.226678704372298,-0.4513066229687124
1667,Бугуруслан,Оренбургская область,Маркетплейсы,2024-04,7.20686581824973,1.2927877739353029
1667,Бугуруслан,Оренбургская область,Маркетплейсы,2024-05,-5.044326018073902,-1.0737635862883683
1667,Бугуруслан,Оренбургская область,Маркетплейсы,2024-06,5.232804794534918,1.0081417692029953
1667,Бугуруслан,Оренбургская область,Маркетплейсы,2024-07,1.3581508384317875,0.2764197771112134
1667,Бугуруслан,Оренбургская область,Общественное питание,2024-03,-7.942040120397554,-3.2247233513205202
1667,Бугуруслан,Оренбургская область,Общественное питание,2024-04,-7.187105225012747,-2.618213678874765
1667,Бугуруслан,Оренбургская область,Общественное питание,2024-05,0.676639908324278,0.27326100018167254
1667,Бугуруслан,Оренбургская область,Общественное питание,2024-06,-2.9580360406408435,-1.180420362193221
1667,Бугуруслан,Оренбургская область,Общественное питание,2024-07,0.26399550390073245,0.11069317258326221
1667,Бугуруслан,Оренбургская область,Транспорт,2024-03,2.7657326241985913,0.6720271501451455
1667,Бугуруслан,Оренбургская область,Транспорт,2024-04,-3.482242918936207,-0.8342016848973037
1667,Бугуруслан,Оренбургская область,Транспорт,2024-05,0.802986632842484,0.20446010790270508
1667,Бугуруслан,Оренбургская область,Транспорт,2024-06,2.0979391550776105,0.5209731616532528
1667,Бугуруслан,Оренбургская область,Транспорт,2024-07,0.945869072353489,0.24277058150182915
1689,Красногвардейский,Оренбургская область,Все категории,2024-03,2.509147836266812,0.7516274063697644
1689,Красногвардейский,Оренбургская область,Все категории,2024-04,5.203652085715438,1.4694781404532498
1689,Красногвардейский,Оренбургская область,Все категории,2024-05,-2.5715993043439136,-0.8113195630367986
1689,Красногвардейский,Оренбургская область,Все категории,2024-06,-3.207790389712517,-0.9866045906619076
1689,Красногвардейский,Оренбургская область,Все категории,2024-07,-2.5347136035589743,-0.7993289685815734
1689,Красногвардейский,Оренбургская область,Продовольствие,2024-03,0.7434472850269991,0.16484320188417614
1689,Красногвардейский,Оренбургская область,Продовольствие,2024-04,3.680022951836792,0.802812165710253
1689,Красногвардейский,Оренбургская область,Продовольствие,2024-05,1.231782440127438,0.273851324441977
1689,Красногвардейский,Оренбургская область,Продовольствие,2024-06,0.1515765471081898,0.03432554526191829
1689,Красногвардейский,Оренбургская область,Продовольствие,2024-07,-1.1604353303447168,-0.2656571240955346
1689,Красногвардейский,Оренбургская область,Здоровье,2024-03,-3.5419167635309448,-1.062260678812978
1689,Красногвардейский,Оренбургская область,Здоровье,2024-04,-2.7558527979583913,-0.7212387719769188
1689,Красногвардейский,Оренбургская область,Здоровье,2024-05,1.468354689769541,0.4343430615461401
1689,Красногвардейский,Оренбургская область,Здоровье,2024-06,-9.83105224641122,-3.0641335268717587
1689,Красногвардейский,Оренбургская область,Здоровье,2024-07,-2.00110874010494,-0.5608781435288573
1689,Красногвардейский,Оренбургская область,Маркетплейсы,2024-03,3.3359003850238156,0.2806730420247972
1689,Красногвардейский,Оренбургская область,Маркетплейсы,2024-04,13.799915436214604,1.0270802912909058
1689,Красногвардейский,Оренбургская область,Маркетплейсы,2024-05,-8.03792003281853,-0.7426920839411876
1689,Красногвардейский,Оренбургская область,Маркетплейсы,2024-06,-9.324498231717726,-0.8258488256228126
1689,Красногвардейский,Оренбургская область,Маркетплейсы,2024-07,-11.471932722751893,-1.0685527297056134
1689,Красногвардейский,Оренбургская область,Общественное питание,2024-03,-9.501451758584324,-1.1684809329820303
1689,Красногвардейский,Оренбургская область,Общественное питание,2024-04,-9.855078665446737,-1.092083642510587
1689,Красногвардейский,Оренбургская область,Общественное питание,2024-05,-5.1876033315263745,-0.6485613499442444
1689,Красногвардейский,Оренбургская область,Общественное питание,2024-06,9.326842563148553,1.05489095234205
1689,Красногвардейский,Оренбургская область,Общественное питание,2024-07,12.72199718397376,1.5073288649133556
1689,Красногвардейский,Оренбургская область,Транспорт,2024-03,4.445765280619973,0.5159609676466757
1689,Красногвардейский,Оренбургская область,Транспорт,2024-04,-8.079938506536044,-0.9527016583919139
1689,Красногвардейский,Оренбургская область,Транспорт,2024-05,-2.2611413933882774,-0.2814660704570465
1689,Красногвардейский,Оренбургская область,Транспорт,2024-06,-4.288208261142334,-0.5290940198212191
1689,Красногвардейский,Оренбургская область,Транспорт,2024-07,-5.45230929059467,-0.6962013213834825
1681,Асекеевский,Оренбургская область,Все категории,2024-03,2.2952085596377847,0.7460526726160639
1681,Асекеевский,Оренбургская область,Все категории,2024-04,5.905820395687799,1.8020774065607854
1681,Асекеевский,Оренбургская область,Все категории,2024-05,-6.724833027083804,-2.3509567586426674
1681,Асекеевский,Оренбургская область,Все категории,2024-06,-1.4746248095828585,-0.48735159794560307
1681,Асекеевский,Оренбургская область,Все категории,2024-07,-6.403247701176401,-2.2340859833488307
1681,Асекеевский,Оренбургская область,Продовольствие,2024-03,1.3614044408243986,0.4731756541398928
1681,Асекеевский,Оренбургская область,Продовольствие,2024-04,8.121940086606127,2.7282313130967544
1681,Асекеевский,Оренбургская область,Продовольствие,2024-05,-0.8819138487991429,-0.31151961078697615
1681,Асекеевский,Оренбургская область,Продовольствие,2024-06,-1.2228719845034153,-0.4384401963554692
1681,Асекеевский,Оренбургская область,Продовольствие,2024-07,-3.1226194017647977,-1.1353530465858512
1681,Асекеевский,Оренбургская область,Здоровье,2024-03,2.436209013973251,0.2636953342354149
1681,Асекеевский,Оренбургская область,Здоровье,2024-04,19.63715899810413,1.7403196431240389
1681,Асекеевский,Оренбургская область,Здоровье,2024-05,-4.145582363242078,-0.46982635636900083
1681,Асекеевский,Оренбургская область,Здоровье,2024-06,-11.27079685401149,-1.3177417384415746
1681,Асекеевский,Оренбургская область,Здоровье,2024-07,-14.213272866353787,-1.5781960212191999
1681,Асекеевский,Оренбургская область,Маркетплейсы,2024-03,-16.50310587419378,-2.227485670780849
1681,Асекеевский,Оренбургская область,Маркетплейсы,2024-04,29.242015452004434,2.9494280192565094
1681,Асекеевский,Оренбургская область,Маркетплейсы,2024-05,-5.650872580244165,-0.7429577114024206
1681,Асекеевский,Оренбургская область,Маркетплейсы,2024-06,15.668873423115537,1.7712828910662446
1681,Асекеевский,Оренбургская область,Маркетплейсы,2024-07,-10.18096516561789,-1.35737217342697
1681,Асекеевский,Оренбургская область,Общественное питание,2024-03,3.712433734275933,0.10251978152456555
1681,Асекеевский,Оренбургская область,Общественное питание,2024-04,5.295033316201325,0.13150742924895625
1681,Асекеевский,Оренбургская область,Общественное питание,2024-05,-1.5203655393534687,-0.04471192379869939
1681,Асекеевский,Оренбургская область,Общественное питание,2024-06,4.910390618113536,0.13586678763146112
1681,Асекеевский,Оренбургская область,Общественное питание,2024-07,17.17133837486034,0.47782099711721093
1681,Асекеевский,Оренбургская область,Транспорт,2024-03,8.966208641407558,0.7314494273510456
1681,Асекеевский,Оренбургская область,Транспорт,2024-04,-14.735262089433842,-1.2894104283521013
1681,Асекеевский,Оренбургская область,Транспорт,2024-05,-5.744714863214639,-0.5224728186939694
1681,Асекеевский,Оренбургская область,Транспорт,2024-06,-0.5533151374457201,-0.04808256067851902
1681,Асекеевский,Оренбургская область,Транспорт,2024-07,-4.304947306718743,-0.3920818002967391
1686,Домбаровский,Оренбургская область,Все категории,2024-03,-6.114102330247906,-1.452462001780573
1686,Домбаровский,Оренбургская область,Все категории,2024-04,-4.56899649087018,-1.02599767017304
1686,Домбаровский,Оренбургская область,Все категории,2024-05,-9.537154764848427,-2.3718535714351234
1686,Домбаровский,Оренбургская область,Все категории,2024-06,-5.713484718726924,-1.3516825112696347
1686,Домбаровский,Оренбургская область,Все категории,2024-07,-5.244606220873776,-1.2739395940603095
1686,Домбаровский,Оренбургская область,Продовольствие,2024-03,-2.2466359637125177,-0.5681318502011685
1686,Домбаровский,Оренбургская область,Продовольствие,2024-04,-2.8897597191763325,-0.7316230975053315
1686,Домбаровский,Оренбургская область,Продовольствие,2024-05,-12.846501397858889,-3.454127652862331
1686,Домбаровский,Оренбургская область,Продовольствие,2024-06,-9.441917404496547,-2.526429569157167
1686,Домбаровский,Оренбургская область,Продовольствие,2024-07,-12.509154205471711,-3.419909638938842
1686,Домбаровский,Оренбургская область,Здоровье,2024-03,-14.194960578893983,-4.412090252421087
1686,Домбаровский,Оренбургская область,Здоровье,2024-04,-6.8272495662186845,-1.7795262852681566
1686,Домбаровский,Оренбургская область,Здоровье,2024-05,-12.29416962412005,-3.8287038022856894
1686,Домбаровский,Оренбургская область,Здоровье,2024-06,5.1372462172503575,1.4473469383463506
1686,Домбаровский,Оренбургская область,Здоровье,2024-07,-14.516184043173341,-4.240597441812461
1686,Домбаровский,Оренбургская область,Маркетплейсы,2024-03,-18.094963214083315,-2.1930432434015033
1686,Домбаровский,Оренбургская область,Маркетплейсы,2024-04,-9.929250844728966,-1.0577863307754132
1686,Домбаровский,Оренбургская область,Маркетплейсы,2024-05,-8.968810539752075,-1.0685010969432498
1686,Домбаровский,Оренбургская область,Маркетплейсы,2024-06,7.506675843898036,0.783403435171825
1686,Домбаровский,Оренбургская область,Маркетплейсы,2024-07,8.713465040356944,0.9362525588992356
1686,Домбаровский,Оренбургская область,Общественное питание,2024-03,-2.9094894662267445,-0.2472435385115498
1686,Домбаровский,Оренбургская область,Общественное питание,2024-04,-5.189094018236451,-0.4021225440817396
1686,Домбаровский,Оренбургская область,Общественное питание,2024-05,-12.592007913902597,-1.170912859967501
1686,Домбаровский,Оренбургская область,Общественное питание,2024-06,70.40488086217556,4.5280324452077965
1686,Домбаровский,Оренбургская область,Общественное питание,2024-07,-9.469127678405382,-0.89844094029344
1686,Домбаровский,Оренбургская область,Транспорт,2024-03,-6.790107389683597,-0.6512493745604936
1686,Домбаровский,Оренбургская область,Транспорт,2024-04,-10.637059479901612,-0.9939411736952464
1686,Домбаровский,Оренбургская область,Транспорт,2024-05,-15.60096174524882,-1.6332787565295444
1686,Домбаровский,Оренбургская область,Транспорт,2024-06,6.27667700780512,0.5756077275187023
1686,Домбаровский,Оренбургская область,Транспорт,2024-07,-5.800412139889877,-0.580614489158765
1672,Новотроицк,Оренбургская область,Все категории,2024-03,-0.8168200833601702,-0.3418848258126053
1672,Новотроицк,Оренбургская область,Все категории,2024-04,1.4450652163428335,0.5707300397212972
1672,Новотроицк,Оренбургская область,Все категории,2024-05,1.1530206760576756,0.4905855845295839
1672,Новотроицк,Оренбургская область,Все категории,2024-06,1.2147653535458103,0.5023655867228001
1672,Новотроицк,Оренбургская область,Все категории,2024-07,-0.18106464186036786,-0.07754242104712346
1672,Новотроицк,Оренбургская область,Продовольствие,2024-03,0.11125438147392419,0.0756250567848683
1672,Новотроицк,Оренбургская область,Продовольствие,2024-04,1.0645819134206813,0.7188038067845555
1672,Новотроицк,Оренбургская область,Продовольствие,2024-05,0.6410827489239268,0.4368526708595103
1672,Новотроицк,Оренбургская область,Продовольствие,2024-06,-2.584735218164358,-1.8139127086905058
1672,Новотроицк,Оренбургская область,Продовольствие,2024-07,-1.4482074778891685,-1.0147194510607314
1672,Новотроицк,Оренбургская область,Здоровье,2024-03,3.1928672062950527,0.9998212848679389
1672,Новотроицк,Оренбургская область,Здоровье,2024-04,-4.721299995927442,-1.3472429616286459
1672,Новотроицк,Оренбургская область,Здоровье,2024-05,0.9742872755631071,0.3121941755744468
1672,Новотроицк,Оренбургская область,Здоровье,2024-06,7.782474773481551,2.3932573546541747
1672,Новотроицк,Оренбургская область,Здоровье,2024-07,1.3819398313562936,0.41178656264988944
1672,Новотроицк,Оренбургская область,Маркетплейсы,2024-03,-2.336688074505433,-0.6199474144818685
1672,Новотроицк,Оренбургская область,Маркетплейсы,2024-04,3.2446215142790558,0.7751381498351977
1672,Новотроицк,Оренбургская область,Маркетплейсы,2024-05,-2.7495045156470663,-0.7562315237122684
1672,Новотроицк,Оренбургская область,Маркетплейсы,2024-06,0.3788805396659045,0.09778355214393863
1672,Новотроицк,Оренбургская область,Маркетплейсы,2024-07,-3.7313400856736454,-1.0203268609488807
1672,Новотроицк,Оренбургская область,Общественное питание,2024-03,-2.8659924249776814,-0.396728202644143
1672,Новотроицк,Оренбургская область,Общественное питание,2024-04,-5.572482651958055,-0.7048143510200521
1672,Новотроицк,Оренбургская область,Общественное питание,2024-05,9.956395857052952,1.3451099748364281
1672,Новотроицк,Оренбургская область,Общественное питание,2024-06,-1.4826947058965922,-0.20544449600484224
1672,Новотроицк,Оренбургская область,Общественное питание,2024-07,-2.5647085232709363,-0.38175777846734793
1672,Новотроицк,Оренбургская область,Транспорт,2024-03,6.220125422006428,1.2183738421327348
1672,Новотроицк,Оренбургская область,Транспорт,2024-04,-0.5901070649699691,-0.11424530826196809
1672,Новотроицк,Оренбургская область,Транспорт,2024-05,1.2796459750570088,0.2662806219282205
1672,Новотроицк,Оренбургская область,Транспорт,2024-06,-3.904434000638146,-0.8181586992860003
1672,Новотроицк,Оренбургская область,Транспорт,2024-07,1.2163311852137482,0.2553907341066972
1670,Кувандыкский,Оренбургская область,Все категории,2024-03,-1.9785649076906386,-0.9511424658164375
1670,Кувандыкский,Оренбургская область,Все категории,2024-04,-0.4333736904249874,-0.19717833311494362
1670,Кувандыкский,Оренбургская область,Все категории,2024-05,-1.1447993967371228,-0.5627251394252766
1670,Кувандыкский,Оренбургская область,Все категории,2024-06,3.5280608438342576,1.6474136773062449
1670,Кувандыкский,Оренбургская область,Все категории,2024-07,0.5996105114207173,0.2920560219407281
1670,Кувандыкский,Оренбургская область,Продовольствие,2024-03,-1.6546319236632079,-0.4758566026131616
1670,Кувандыкский,Оренбургская область,Продовольствие,2024-04,1.8582569176053165,0.524170994416216
1670,Кувандыкский,Оренбургская область,Продовольствие,2024-05,2.9462112127225715,0.8325352179977374
1670,Кувандыкский,Оренбургская область,Продовольствие,2024-06,2.5472754292339417,0.7305974043334756
1670,Кувандыкский,Оренбургская область,Продовольствие,2024-07,0.678419970274452,0.1972189592574761
1670,Кувандыкский,Оренбургская область,Здоровье,2024-03,1.203971609645188,0.3163294456350088
1670,Кувандыкский,Оренбургская область,Здоровье,2024-04,-10.915376283131428,-2.6646768017512676
1670,Кувандыкский,Оренбургская область,Здоровье,2024-05,-3.9664211734492802,-1.0834084520353844
1670,Кувандыкский,Оренбургская область,Здоровье,2024-06,4.610222561690525,1.1960460461591498
1670,Кувандыкский,Оренбургская область,Здоровье,2024-07,-2.51322640016306,-0.6339123883626027
1670,Кувандыкский,Оренбургская область,Маркетплейсы,2024-03,-1.8920145342388173,-0.4502888759409713
1670,Кувандыкский,Оренбургская область,Маркетплейсы,2024-04,-2.7019143338947393,-0.5967049650405025
1670,Кувандыкский,Оренбургская область,Маркетплейсы,2024-05,-8.422554154856227,-2.1488628828906258
1670,Кувандыкский,Оренбургская область,Маркетплейсы,2024-06,-1.1179422006746487,-0.2613634801246499
1670,Кувандыкский,Оренбургская область,Маркетплейсы,2024-07,2.478704375377699,0.5900233727999263
1670,Кувандыкский,Оренбургская область,Общественное питание,2024-03,-1.9531796288475456,-0.35836452915215977
1670,Кувандыкский,Оренбургская область,Общественное питание,2024-04,-2.4667968510320493,-0.4096511112707795
1670,Кувандыкский,Оренбургская область,Общественное питание,2024-05,4.127134527911585,0.7631425261199914
1670,Кувандыкский,Оренбургская область,Общественное питание,2024-06,6.145852877901614,1.0932584147807478
1670,Кувандыкский,Оренбургская область,Общественное питание,2024-07,-1.3385761571395094,-0.26357027858463866
1670,Кувандыкский,Оренбургская область,Транспорт,2024-03,-4.426042194674751,-0.8637638199931862
1670,Кувандыкский,Оренбургская область,Транспорт,2024-04,-4.365245654815519,-0.8145315874610956
1670,Кувандыкский,Оренбургская область,Транспорт,2024-05,-6.420057744004004,-1.3157176958647927
1670,Кувандыкский,Оренбургская область,Транспорт,2024-06,4.53392461434865,0.8631978534123427
1670,Кувандыкский,Оренбургская область,Транспорт,2024-07,0.5071228814695572,0.10118085801320299
1668,Бузулук,Оренбургская область,Все категории,2024-03,4.021117896370718,1.250467045975287
1668,Бузулук,Оренбургская область,Все категории,2024-04,3.1116242672854066,0.9277233026802392
1668,Бузулук,Оренбургская область,Все категории,2024-05,0.23598447778780396,0.0767404542004947
1668,Бузулук,Оренбургская область,Все категории,2024-06,-0.7904459145381848,-0.25115848855248274
1668,Бузулук,Оренбургская область,Все категории,2024-07,-1.127170021467977,-0.3690163432926435
1668,Бузулук,Оренбургская область,Продовольствие,2024-03,2.885711265471036,2.677310081684406
1668,Бузулук,Оренбургская область,Продовольствие,2024-04,1.5082977533598219,1.4058993986727342
1668,Бузулук,Оренбургская область,Продовольствие,2024-05,1.2939974188915682,1.2160002490157475
1668,Бузулук,Оренбургская область,Продовольствие,2024-06,-1.0635983815662886,-1.024659509202828
1668,Бузулук,Оренбургская область,Продовольствие,2024-07,-2.0120824222056575,-1.956102977047044
1668,Бузулук,Оренбургская область,Здоровье,2024-03,3.220937950781061,1.3321397372630468
1668,Бузулук,Оренбургская область,Здоровье,2024-04,-4.289842746835804,-1.6137891507669917
1668,Бузулук,Оренбургская область,Здоровье,2024-05,-0.1289953159571422,-0.05491033776517804
1668,Бузулук,Оренбургская область,Здоровье,2024-06,2.2907136408082396,0.9558918693225239
1668,Бузулук,Оренбургская область,Здоровье,2024-07,4.285079538218762,1.6638714669204355
1668,Бузулук,Оренбургская область,Маркетплейсы,2024-03,-0.7249443278185885,-0.2136035880410467
1668,Бузулук,Оренбургская область,Маркетплейсы,2024-04,5.117099172063854,1.3573457416140053
1668,Бузулук,Оренбургская область,Маркетплейсы,2024-05,-4.391604838749191,-1.3646253515792028
1668,Бузулук,Оренбургская область,Маркетплейсы,2024-06,3.931367016439835,1.1165547170451662
1668,Бузулук,Оренбургская область,Маркетплейсы,2024-07,-2.4778712104970344,-0.7536962198519732
1668,Бузулук,Оренбургская область,Общественное питание,2024-03,1.3854615485456745,0.32666096950871215
1668,Бузулук,Оренбургская область,Общественное питание,2024-04,-5.035101131741005,-1.1046493500956283
1668,Бузулук,Оренбургская область,Общественное питание,2024-05,0.46725157650123195,0.11488316729619738
1668,Бузулук,Оренбургская область,Общественное питание,2024-06,-7.268084582338963,-1.8029529206252861
1668,Бузулук,Оренбургская область,Общественное питание,2024-07,-3.7203624517670173,-0.9688645607953518
1668,Бузулук,Оренбургская область,Транспорт,2024-03,4.614435443924658,1.3271955619940312
1668,Бузулук,Оренбургская область,Транспорт,2024-04,-3.9140980549027815,-1.1218278847009329
1668,Бузулук,Оренбургская область,Транспорт,2024-05,-0.9512596389820049,-0.29174414541734833
1668,Бузулук,Оренбургская область,Транспорт,2024-06,-5.513782527853439,-1.697901296933309
1668,Бузулук,Оренбургская область,Транспорт,2024-07,-4.398152302153857,-1.38516958402336
1704,Тоцкий,Оренбургская область,Все категории,2024-03,-1.1178134184325228,-0.3804934271813163
1704,Тоцкий,Оренбургская область,Все категории,2024-04,2.790022250040447,0.8892147911982103
1704,Тоцкий,Оренбургская область,Все категории,2024-05,2.710395838561591,0.9291725319748099
1704,Тоцкий,Оренбургская область,Все категории,2024-06,-1.9053733071575873,-0.6498300208702928
1704,Тоцкий,Оренбургская область,Все категории,2024-07,-1.2136614581409078,-0.42429622769644554
1704,Тоцкий,Оренбургская область,Продовольствие,2024-03,-0.07724100090054087,-0.03335079082346109
1704,Тоцкий,Оренбургская область,Продовольствие,2024-04,-0.37076027097372455,-0.1599903126579635
1704,Тоцкий,Оренбургская область,Продовольствие,2024-05,1.5462368230193424,0.665685187071007
1704,Тоцкий,Оренбургская область,Продовольствие,2024-06,-1.4665871102938932,-0.6494256990719585
1704,Тоцкий,Оренбургская область,Продовольствие,2024-07,-1.0536235919577142,-0.4675539703507008
1704,Тоцкий,Оренбургская область,Здоровье,2024-03,-5.119053092906239,-0.9580495033024539
1704,Тоцкий,Оренбургская область,Здоровье,2024-04,2.8241131331753766,0.44615323369751414
1704,Тоцкий,Оренбургская область,Здоровье,2024-05,8.392456362018102,1.4846781100284312
1704,Тоцкий,Оренбургская область,Здоровье,2024-06,-7.75233382947762,-1.4782447613268364
1704,Тоцкий,Оренбургская область,Здоровье,2024-07,-1.3177970239610093,-0.22782212120438586
1704,Тоцкий,Оренбургская область,Маркетплейсы,2024-03,-4.554039180203495,-2.3748938636114216
1704,Тоцкий,Оренбургская область,Маркетплейсы,2024-04,3.576647239001629,1.6577069972339746
1704,Тоцкий,Оренбургская область,Маркетплейсы,2024-05,5.9210939397374265,3.025751987480267
1704,Тоцкий,Оренбургская область,Маркетплейсы,2024-06,-0.2182605289431483,-0.10977568961147637
1704,Тоцкий,Оренбургская область,Маркетплейсы,2024-07,-10.058682372214262,-5.533757969622513
1704,Тоцкий,Оренбургская область,Общественное питание,2024-03,-8.32367269435319,-1.1430695752854667
1704,Тоцкий,Оренбургская область,Общественное питание,2024-04,2.088719596866151,0.2464683223736395
1704,Тоцкий,Оренбургская область,Общественное питание,2024-05,4.603821454737772,0.6156261996903037
1704,Тоцкий,Оренбургская область,Общественное питание,2024-06,-11.078245128225984,-1.556120310278839
1704,Тоцкий,Оренбургская область,Общественное питание,2024-07,3.1405445688006015,0.4380040569135457
1704,Тоцкий,Оренбургская область,Транспорт,2024-03,-2.422618457397663,-0.4274680753463557
1704,Тоцкий,Оренбургская область,Транспорт,2024-04,-17.96383286735679,-3.278398885139878
1704,Тоцкий,Оренбургская область,Транспорт,2024-05,-4.353296088037295,-0.8059167047769633
1704,Тоцкий,Оренбургская область,Транспорт,2024-06,-1.5902980486977247,-0.2848074575354507
1704,Тоцкий,Оренбургская область,Транспорт,2024-07,7.265706113871573,1.2807790869695947
1339,Звериноголовский,Курганская область,Все категории,2024-03,-0.6266783682460364,-0.09946928244575051
1339,Звериноголовский,Курганская область,Все категории,2024-04,-7.665712040836281,-1.2011056315169852
1339,Звериноголовский,Курганская область,Все категории,2024-05,-5.481252468836234,-0.9162129610068056
1339,Звериноголовский,Курганская область,Все категории,2024-06,-7.817851205221659,-1.284906621448587
1339,Звериноголовский,Курганская область,Все категории,2024-07,1.7981391587176543,0.2893939584879669
1339,Звериноголовский,Курганская область,Продовольствие,2024-03,-4.673807161282372,-1.3457776541779753
1339,Звериноголовский,Курганская область,Продовольствие,2024-04,-9.734138548237715,-2.8721663748163038
1339,Звериноголовский,Курганская область,Продовольствие,2024-05,-7.545918066451507,-2.217190246177884
1339,Звериноголовский,Курганская область,Продовольствие,2024-06,-8.651747301214009,-2.592445545151922
1339,Звериноголовский,Курганская область,Продовольствие,2024-07,2.5490075641547314,0.7238551736496058
1339,Звериноголовский,Курганская область,Здоровье,2024-03,-3.785116470082456,-0.3333333240982574
1339,Звериноголовский,Курганская область,Здоровье,2024-04,-24.513629951907202,-2.096969574520855
1339,Звериноголовский,Курганская область,Здоровье,2024-05,-15.255010926888907,-1.4503639647054607
1339,Звериноголовский,Курганская область,Здоровье,2024-06,-28.388276170235148,-2.907658618270315
1339,Звериноголовский,Курганская область,Здоровье,2024-07,-12.175120429019493,-1.0538731501281282
1339,Звериноголовский,Курганская область,Маркетплейсы,2024-03,-4.283373318692274,-0.5530567567151181
1339,Звериноголовский,Курганская область,Маркетплейсы,2024-04,-16.842387967467044,-2.1413533076371776
1339,Звериноголовский,Курганская область,Маркетплейсы,2024-05,-15.68085120419586,-2.2367265202324313
1339,Звериноголовский,Курганская область,Маркетплейсы,2024-06,-26.678555410759042,-3.864395275516254
1339,Звериноголовский,Курганская область,Маркетплейсы,2024-07,8.102149320424317,1.0050166423015545
1339,Звериноголовский,Курганская область,Общественное питание,2024-03,42.32207646673481,1.1088910526831894
1339,Звериноголовский,Курганская область,Общественное питание,2024-04,28.93057407805132,0.7286136325998371
1339,Звериноголовский,Курганская область,Общественное питание,2024-05,257.7804476744503,4.132098451821507
1339,Звериноголовский,Курганская область,Общественное питание,2024-06,51.785193996592604,1.3206566936843633
1339,Звериноголовский,Курганская область,Общественное питание,2024-07,5.438393784828582,0.17785410750881261
1339,Звериноголовский,Курганская область,Транспорт,2024-03,-9.980377196818058,-1.5565562522871066
1339,Звериноголовский,Курганская область,Транспорт,2024-04,-4.650588843876513,-0.675008816082021
1339,Звериноголовский,Курганская область,Транспорт,2024-05,-18.970651131995787,-3.2400238635056944
1339,Звериноголовский,Курганская область,Транспорт,2024-06,1.532529392347759,0.2299291431508179
1339,Звериноголовский,Курганская область,Транспорт,2024-07,17.71576428803857,2.5327290404153664
1333,Курган,Курганская область,Все категории,2024-03,2.608910437456058,1.708433256902265
1333,Курган,Курганская область,Все категории,2024-04,-0.1289051059365165,-0.08160784525892242
1333,Курган,Курганская область,Все категории,2024-05,2.550485201346758,1.7146072847555363
1333,Курган,Курганская область,Все категории,2024-06,1.4538279763498307,0.9555132392431426
1333,Курган,Курганская область,Все категории,2024-07,1.7606545023334086,1.1880191200809533
1333,Курган,Курганская область,Продовольствие,2024-03,2.236197524890371,1.0870417999170248
1333,Курган,Курганская область,Продовольствие,2024-04,1.1446792953631157,0.5582732686898645
1333,Курган,Курганская область,Продовольствие,2024-05,1.9384028042295998,0.948417139694298
1333,Курган,Курганская область,Продовольствие,2024-06,-0.272329624720935,-0.1364849464405445
1333,Курган,Курганская область,Продовольствие,2024-07,0.5781027087877255,0.2897083160776214
1333,Курган,Курганская область,Здоровье,2024-03,3.3054477462113487,1.7770218012385444
1333,Курган,Курганская область,Здоровье,2024-04,-0.003926877004112317,-0.0018839993056528651
1333,Курган,Курганская область,Здоровье,2024-05,1.3332492866725942,0.7325171155598523
1333,Курган,Курганская область,Здоровье,2024-06,3.493850528933251,1.8845823668497879
1333,Курган,Курганская область,Здоровье,2024-07,10.91268367461632,5.347606918259574
1333,Курган,Курганская область,Маркетплейсы,2024-03,2.8431497780223247,0.8192006999380337
1333,Курган,Курганская область,Маркетплейсы,2024-04,-3.533079568035735,-0.9713217269489329
1333,Курган,Курганская область,Маркетплейсы,2024-05,3.8400112524831833,1.1376891761497425
1333,Курган,Курганская область,Маркетплейсы,2024-06,0.3552235346553134,0.10221478883434085
1333,Курган,Курганская область,Маркетплейсы,2024-07,2.3236187213480806,0.6863420516740689
1333,Курган,Курганская область,Общественное питание,2024-03,-2.029413706474059,-0.6097456909401524
1333,Курган,Курганская область,Общественное питание,2024-04,19.51637319959002,4.846299028754828
1333,Курган,Курганская область,Общественное питание,2024-05,11.529203656263181,3.3702415235291303
1333,Курган,Курганская область,Общественное питание,2024-06,-6.676329407801907,-2.0695534373845925
1333,Курган,Курганская область,Общественное питание,2024-07,-1.833327599145279,-0.5924578694221936
1333,Курган,Курганская область,Транспорт,2024-03,-1.089873038756739,-0.32151625872957523
1333,Курган,Курганская область,Транспорт,2024-04,2.721555357213068,0.7551295283014531
1333,Курган,Курганская область,Транспорт,2024-05,9.053576430278154,2.640923388165732
1333,Курган,Курганская область,Транспорт,2024-06,5.041236681671757,1.4713384199974673
1333,Курган,Курганская область,Транспорт,2024-07,-0.2128370806188884,-0.06549165080195413
2203,Ишимский,Тюменская область,Все категории,2024-03,-0.49290644466191136,-0.17734193781511168
2203,Ишимский,Тюменская область,Все категории,2024-04,3.519770329197336,1.18542612391172
2203,Ишимский,Тюменская область,Все категории,2024-05,1.104988707376403,0.40488812455102874
2203,Ишимский,Тюменская область,Все категории,2024-06,0.0014925914889385439,0.0005346368158253819
2203,Ишимский,Тюменская область,Все категории,2024-07,-1.9519263631047445,-0.7262913775279942
2203,Ишимский,Тюменская область,Продовольствие,2024-03,-1.7569075585160965,-0.32871023369653685
2203,Ишимский,Тюменская область,Продовольствие,2024-04,7.1344751828170345,1.2761530235039422
2203,Ишимский,Тюменская область,Продовольствие,2024-05,-0.4972600275052419,-0.09292629857657063
2203,Ишимский,Тюменская область,Продовольствие,2024-06,-0.501849191649073,-0.09502680308325327
2203,Ишимский,Тюменская область,Продовольствие,2024-07,-1.5630006767701043,-0.2988209812786321
2203,Ишимский,Тюменская область,Здоровье,2024-03,-4.8345322541601785,-0.7951920383248932
2203,Ишимский,Тюменская область,Здоровье,2024-04,6.269750609062264,0.8589499499407274
2203,Ишимский,Тюменская область,Здоровье,2024-05,-2.750868539528911,-0.4530205275437701
2203,Ишимский,Тюменская область,Здоровье,2024-06,19.71834148472411,2.894227091522767
2203,Ишимский,Тюменская область,Здоровье,2024-07,5.803480812163453,0.8539800299925975
2203,Ишимский,Тюменская область,Маркетплейсы,2024-03,4.073463089661866,0.5401866070374028
2203,Ишимский,Тюменская область,Маркетплейсы,2024-04,-6.282665433796797,-0.8105568704279429
2203,Ишимский,Тюменская область,Маркетплейсы,2024-05,-0.40428262265564396,-0.0566885910020153
2203,Ишимский,Тюменская область,Маркетплейсы,2024-06,-11.727922316960548,-1.6648463778157077
2203,Ишимский,Тюменская область,Маркетплейсы,2024-07,9.760974378035064,1.2870300025065977
2203,Ишимский,Тюменская область,Общественное питание,2024-03,-4.019736313337551,-0.2722620005751784
2203,Ишимский,Тюменская область,Общественное питание,2024-04,1.5866566701116969,0.09458638878015814
2203,Ишимский,Тюменская область,Общественное питание,2024-05,5.553948795754998,0.37268589714084466
2203,Ишимский,Тюменская область,Общественное питание,2024-06,-2.18981562170133,-0.14813269117279357
2203,Ишимский,Тюменская область,Общественное питание,2024-07,-8.600034926109062,-0.6436360924451682
2203,Ишимский,Тюменская область,Транспорт,2024-03,-2.0596519051422124,-0.4058189110086491
2203,Ишимский,Тюменская область,Транспорт,2024-04,9.529105871012977,1.7056899128802232
2203,Ишимский,Тюменская область,Транспорт,2024-05,3.399270512227215,0.6770969431140895
2203,Ишимский,Тюменская область,Транспорт,2024-06,-0.4727807520289451,-0.09419429556887438
2203,Ишимский,Тюменская область,Транспорт,2024-07,-10.661115048606707,-2.3045848604343395
2192,Ишим,Тюменская область,Все категории,2024-03,2.091315900488566,0.9575012639950158
2192,Ишим,Тюменская область,Все категории,2024-04,-0.8211267847961001,-0.363736209130317
2192,Ишим,Тюменская область,Все категории,2024-05,1.2686307161791588,0.5986215012118299
2192,Ишим,Тюменская область,Все категории,2024-06,0.4516356021087242,0.2080346744618874
2192,Ишим,Тюменская область,Все категории,2024-07,0.9996954050463358,0.47224413464613674
2192,Ишим,Тюменская область,Продовольствие,2024-03,-0.22116976510251352,-0.11329225885421024
2192,Ишим,Тюменская область,Продовольствие,2024-04,1.8437291178688642,0.9330247984378304
2192,Ишим,Тюменская область,Продовольствие,2024-05,1.1552100436973745,0.5907374648487691
2192,Ишим,Тюменская область,Продовольствие,2024-06,-1.1765563963855197,-0.6167381765429578
2192,Ишим,Тюменская область,Продовольствие,2024-07,-0.41203147936587636,-0.21605669505279096
2192,Ишим,Тюменская область,Здоровье,2024-03,-0.12595912892890415,-0.0477964199726413
2192,Ишим,Тюменская область,Здоровье,2024-04,0.10681196857914577,0.03553649551823737
2192,Ишим,Тюменская область,Здоровье,2024-05,0.4577867152406434,0.17528253004011513
2192,Ишим,Тюменская область,Здоровье,2024-06,8.72426240048192,3.1830188600580405
2192,Ишим,Тюменская область,Здоровье,2024-07,6.792728516792057,2.352400353015671
2192,Ишим,Тюменская область,Маркетплейсы,2024-03,1.9727916511677823,0.7010708735322919
2192,Ишим,Тюменская область,Маркетплейсы,2024-04,-6.08677094466622,-2.080686543300878
2192,Ишим,Тюменская область,Маркетплейсы,2024-05,1.8287455563491928,0.6722334201203138
2192,Ишим,Тюменская область,Маркетплейсы,2024-06,0.7807182268483981,0.2752984573038333
2192,Ишим,Тюменская область,Маркетплейсы,2024-07,2.596460379910753,0.9405292862153057
2192,Ишим,Тюменская область,Общественное питание,2024-03,3.6264815236700554,0.8237176410478185
2192,Ишим,Тюменская область,Общественное питание,2024-04,0.6941118290128112,0.144547659046442
2192,Ишим,Тюменская область,Общественное питание,2024-05,3.02209642131786,0.7143781917366555
2192,Ишим,Тюменская область,Общественное питание,2024-06,0.9277114061348568,0.21507890925119813
2192,Ишим,Тюменская область,Общественное питание,2024-07,-3.572170759798504,-0.9050222404640186
2192,Ишим,Тюменская область,Транспорт,2024-03,-1.4809277269292265,-0.3173112216521326
2192,Ишим,Тюменская область,Транспорт,2024-04,-0.07566121163634643,-0.0154140140842532
2192,Ишим,Тюменская область,Транспорт,2024-05,-3.4801030451272807,-0.7824154605654479
2192,Ишим,Тюменская область,Транспорт,2024-06,-1.497512074283347,-0.3270209682871611
2192,Ишим,Тюменская область,Транспорт,2024-07,-1.6324214050110974,-0.36677688731447333
2194,Ялуторовск,Тюменская область,Все категории,2024-03,-0.3110776840141938,-0.11226015826238014
2194,Ялуторовск,Тюменская область,Все категории,2024-04,0.24212700727627157,0.08312592634465497
2194,Ялуторовск,Тюменская область,Все категории,2024-05,-0.22141211262444727,-0.08199749635455104
2194,Ялуторовск,Тюменская область,Все категории,2024-06,-1.0887649127815147,-0.39364377909900905
2194,Ялуторовск,Тюменская область,Все категории,2024-07,-1.5159744445665313,-0.5650208240920238
2194,Ялуторовск,Тюменская область,Продовольствие,2024-03,-1.2589138764875996,-0.3787913168596053
2194,Ялуторовск,Тюменская область,Продовольствие,2024-04,0.06780629549322237,0.020226829578841643
2194,Ялуторовск,Тюменская область,Продовольствие,2024-05,1.6222962174779254,0.4836802434843617
2194,Ялуторовск,Тюменская область,Продовольствие,2024-06,-0.9420359581874038,-0.2882231434341336
2194,Ялуторовск,Тюменская область,Продовольствие,2024-07,-0.7330666961890608,-0.224997908729617
2194,Ялуторовск,Тюменская область,Здоровье,2024-03,-7.284706146770231,-1.1835994783653607
2194,Ялуторовск,Тюменская область,Здоровье,2024-04,-1.8351505306139049,-0.2539902555706287
2194,Ялуторовск,Тюменская область,Здоровье,2024-05,-1.3369048345555468,-0.213061272016901
2194,Ялуторовск,Тюменская область,Здоровье,2024-06,8.252907464895731,1.244503080155667
2194,Ялуторовск,Тюменская область,Здоровье,2024-07,-0.82781635460355,-0.12251794126225314
2194,Ялуторовск,Тюменская область,Маркетплейсы,2024-03,0.6834189586127137,0.17338247124478795
2194,Ялуторовск,Тюменская область,Маркетплейсы,2024-04,-2.9356910162604444,-0.7010108530579908
2194,Ялуторовск,Тюменская область,Маркетплейсы,2024-05,-2.70497920114709,-0.7222850612534716
2194,Ялуторовск,Тюменская область,Маркетплейсы,2024-06,-0.8286173505091199,-0.2089236983288959
2194,Ялуторовск,Тюменская область,Маркетплейсы,2024-07,5.838821849240911,1.4761074856096
2194,Ялуторовск,Тюменская область,Общественное питание,2024-03,-4.520164457000753,-1.8446474535478
2194,Ялуторовск,Тюменская область,Общественное питание,2024-04,-7.029995430523883,-2.6172369136687768
2194,Ялуторовск,Тюменская область,Общественное питание,2024-05,0.8106747727056496,0.3346013168434892
2194,Ялуторовск,Тюменская область,Общественное питание,2024-06,7.676604537271836,2.9778291087758113
2194,Ялуторовск,Тюменская область,Общественное питание,2024-07,-4.484242641989184,-1.9718397608485043
2194,Ялуторовск,Тюменская область,Транспорт,2024-03,-0.39956235985383337,-0.05115539853661101
2194,Ялуторовск,Тюменская область,Транспорт,2024-04,3.3048257340674403,0.39823885305793094
2194,Ялуторовск,Тюменская область,Транспорт,2024-05,-5.6456494098658165,-0.7710428969310767
2194,Ялуторовск,Тюменская область,Транспорт,2024-06,-14.240212507666318,-1.997117612718747
2194,Ялуторовск,Тюменская область,Транспорт,2024-07,-9.937517973829102,-1.401540488003532
2212,Упоровский,Тюменская область,Все категории,2024-03,2.8417398807817573,0.71818819225203
2212,Упоровский,Тюменская область,Все категории,2024-04,-1.028630273828346,-0.2526862907867845
2212,Упоровский,Тюменская область,Все категории,2024-05,0.9642307170124986,0.2524534164079142
2212,Упоровский,Тюменская область,Все категории,2024-06,2.3861780134483146,0.6031986609189635
2212,Упоровский,Тюменская область,Все категории,2024-07,-1.873522039462322,-0.49755950786235675
2212,Упоровский,Тюменская область,Продовольствие,2024-03,-0.35882764617825025,-0.12437017614039148
2212,Упоровский,Тюменская область,Продовольствие,2024-04,1.7911226635566213,0.613044847396451
2212,Упоровский,Тюменская область,Продовольствие,2024-05,1.1366916137608318,0.3930752165182787
2212,Упоровский,Тюменская область,Продовольствие,2024-06,2.913334009315416,1.0117400591941268
2212,Упоровский,Тюменская область,Продовольствие,2024-07,-0.7900210963817267,-0.28065268689202366
2212,Упоровский,Тюменская область,Здоровье,2024-03,-4.650641883446588,-0.5651098662371042
2212,Упоровский,Тюменская область,Здоровье,2024-04,-1.1839922517707158,-0.12392867771300134
2212,Упоровский,Тюменская область,Здоровье,2024-05,-2.8521383946969516,-0.34751691016042785
2212,Упоровский,Тюменская область,Здоровье,2024-06,5.042442632739341,0.5857645669927163
2212,Упоровский,Тюменская область,Здоровье,2024-07,12.217208701222637,1.2918086999018334
2212,Упоровский,Тюменская область,Маркетплейсы,2024-03,6.624988916765895,1.074305345098664
2212,Упоровский,Тюменская область,Маркетплейсы,2024-04,-5.652391937899049,-0.9000290425324015
2212,Упоровский,Тюменская область,Маркетплейсы,2024-05,9.060479926612913,1.4995218870033782
2212,Упоровский,Тюменская область,Маркетплейсы,2024-06,4.943821950813132,0.7974203222152934
2212,Упоровский,Тюменская область,Маркетплейсы,2024-07,2.0265512254727778,0.3436642169373396
2212,Упоровский,Тюменская область,Общественное питание,2024-03,31.96386432907149,2.0942074461678795
2212,Упоровский,Тюменская область,Общественное питание,2024-04,14.20112061834814,0.9096562148044627
2212,Упоровский,Тюменская область,Общественное питание,2024-05,0.13788107458442833,0.010754468525625541
2212,Упоровский,Тюменская область,Общественное питание,2024-06,-0.12396607910312163,-0.009396476805239874
2212,Упоровский,Тюменская область,Общественное питание,2024-07,-3.9097803036937826,-0.32280151271318214
2212,Упоровский,Тюменская область,Транспорт,2024-03,-2.7344137693623427,-0.32742937999308264
2212,Упоровский,Тюменская область,Транспорт,2024-04,-5.452666645642934,-0.6328258872621095
2212,Упоровский,Тюменская область,Транспорт,2024-05,-4.3300431746351675,-0.5431015742037636
2212,Упоровский,Тюменская область,Транспорт,2024-06,-3.136199416118657,-0.3835334445995314
2212,Упоровский,Тюменская область,Транспорт,2024-07,1.662908004455932,0.2041081606501317
2200,Викуловский,Тюменская область,Все категории,2024-03,1.0622634119939356,0.20599432266349285
2200,Викуловский,Тюменская область,Все категории,2024-04,0.9728377930432575,0.18007499264740925
2200,Викуловский,Тюменская область,Все категории,2024-05,-2.9397868027871645,-0.5973316920336259
2200,Викуловский,Тюменская область,Все категории,2024-06,4.4002917300628885,0.8379744734852395
2200,Викуловский,Тюменская область,Все категории,2024-07,-0.39639497847971383,-0.07947308905729521
2200,Викуловский,Тюменская область,Продовольствие,2024-03,-3.126202247516885,-0.7296740628343179
2200,Викуловский,Тюменская область,Продовольствие,2024-04,4.819907126268285,1.0798238877537003
2200,Викуловский,Тюменская область,Продовольствие,2024-05,3.436257384291219,0.7803917099831664
2200,Викуловский,Тюменская область,Продовольствие,2024-06,0.6315741340149561,0.14732395288661704
2200,Викуловский,Тюменская область,Продовольствие,2024-07,-1.6405322550060275,-0.3887401929988563
2200,Викуловский,Тюменская область,Здоровье,2024-03,9.200306383383555,1.3839988525984297
2200,Викуловский,Тюменская область,Здоровье,2024-04,12.108544751635353,1.5881420661302816
2200,Викуловский,Тюменская область,Здоровье,2024-05,-17.715471648603526,-3.114740185723017
2200,Викуловский,Тюменская область,Здоровье,2024-06,2.1426124326681117,0.3349775379454456
2200,Викуловский,Тюменская область,Здоровье,2024-07,-1.4997170489912004,-0.224073412877604
2200,Викуловский,Тюменская область,Маркетплейсы,2024-03,0.9686944276628084,0.10584550754417647
2200,Викуловский,Тюменская область,Маркетплейсы,2024-04,-8.34095320297119,-0.8821002139851124
2200,Викуловский,Тюменская область,Маркетплейсы,2024-05,-6.348881194978034,-0.7458546615840007
2200,Викуловский,Тюменская область,Маркетплейсы,2024-06,7.163426161896802,0.7493056534342126
2200,Викуловский,Тюменская область,Маркетплейсы,2024-07,2.6754559432904443,0.2963739982834909
2200,Викуловский,Тюменская область,Общественное питание,2024-03,-4.669777158084321,-0.383201573987969
2200,Викуловский,Тюменская область,Общественное питание,2024-04,2.639146955403404,0.18913654860147067
2200,Викуловский,Тюменская область,Общественное питание,2024-05,-10.137755312808988,-0.8901904542751559
2200,Викуловский,Тюменская область,Общественное питание,2024-06,-0.9178888677118024,-0.07451474905251215
2200,Викуловский,Тюменская область,Общественное питание,2024-07,-7.292166338793998,-0.6542722624703284
2200,Викуловский,Тюменская область,Транспорт,2024-03,2.109920715276936,0.36404026730054023
2200,Викуловский,Тюменская область,Транспорт,2024-04,0.7565533409486513,0.12578868966097298
2200,Викуловский,Тюменская область,Транспорт,2024-05,-21.395902866349903,-4.35641582823735
2200,Викуловский,Тюменская область,Транспорт,2024-06,3.6916575609150293,0.6440060449894753
2200,Викуловский,Тюменская область,Транспорт,2024-07,-1.4200968655335822,-0.26111725456188645
2195,Абатский,Тюменская область,Все категории,2024-03,-2.144421116645323,-1.3333677764067111
2195,Абатский,Тюменская область,Все категории,2024-04,-4.3952593088600995,-2.6342340608074415
2195,Абатский,Тюменская область,Все категории,2024-05,2.4974590554126816,1.5575603173728771
2195,Абатский,Тюменская область,Все категории,2024-06,2.057838597052708,1.2506798700388637
2195,Абатский,Тюменская область,Все категории,2024-07,1.346570244367401,0.8444442941243997
2195,Абатский,Тюменская область,Продовольствие,2024-03,-3.2366985531666836,-2.5220277834826605
2195,Абатский,Тюменская область,Продовольствие,2024-04,-0.5902023886915742,-0.4528889700009156
2195,Абатский,Тюменская область,Продовольствие,2024-05,4.709370829688442,3.546720848374858
2195,Абатский,Тюменская область,Продовольствие,2024-06,2.2301015117687006,1.721931737258731
2195,Абатский,Тюменская область,Продовольствие,2024-07,-0.9763405275121484,-0.769299312857463
2195,Абатский,Тюменская область,Здоровье,2024-03,6.27600822365228,0.42291449014901616
2195,Абатский,Тюменская область,Здоровье,2024-04,6.496197967998551,0.38530816339383933
2195,Абатский,Тюменская область,Здоровье,2024-05,-12.90829870184686,-0.9743723263653182
2195,Абатский,Тюменская область,Здоровье,2024-06,-8.39593217573974,-0.6128317475257019
2195,Абатский,Тюменская область,Здоровье,2024-07,11.37607772660959,0.707529224180737
2195,Абатский,Тюменская область,Маркетплейсы,2024-03,-2.589452126472347,-0.20261530899452893
2195,Абатский,Тюменская область,Маркетплейсы,2024-04,-9.684513058039744,-0.7251437925132836
2195,Абатский,Тюменская область,Маркетплейсы,2024-05,7.858076813445431,0.6029251835819373
2195,Абатский,Тюменская область,Маркетплейсы,2024-06,6.770536468025323,0.49896646269055445
2195,Абатский,Тюменская область,Маркетплейсы,2024-07,5.899638787842315,0.45225462526724053
2195,Абатский,Тюменская область,Общественное питание,2024-03,-7.3289983461590875,-1.131170588008933
2195,Абатский,Тюменская область,Общественное питание,2024-04,4.761628820965191,0.6275481150503027
2195,Абатский,Тюменская область,Общественное питание,2024-05,-4.567219156581675,-0.722380630501503
2195,Абатский,Тюменская область,Общественное питание,2024-06,0.47710245732710543,0.07138543518097328
2195,Абатский,Тюменская область,Общественное питание,2024-07,5.01698110647662,0.7830323217830985
2195,Абатский,Тюменская область,Транспорт,2024-03,4.660269685103557,0.4125001732765547
2195,Абатский,Тюменская область,Транспорт,2024-04,6.891456934707685,0.5787679731853561
2195,Абатский,Тюменская область,Транспорт,2024-05,-3.8918476207294606,-0.37295981078978524
2195,Абатский,Тюменская область,Транспорт,2024-06,-3.457468739788361,-0.3243122027745924
2195,Абатский,Тюменская область,Транспорт,2024-07,-7.343755760709669,-0.723145147082856
