МО,регион,месяц максимума,направление,оценка,перцентиль среди МО,тревога при 3%,тревога при 5%,тревога с подсказкой новостей
Орск,Оренбургская область,2024-05,всплеск,9.008521424516031,0.9985119047619048,True,True,True
Оренбург,Оренбургская область,2024-06,всплеск,2.0059559162453886,0.8040674603174603,False,False,False
Акбулакский,Оренбургская область,2024-05,провал,2.7679347343833802,0.8759920634920635,False,False,True
Курманаевский,Оренбургская область,2024-05,провал,3.278376235252518,0.9275793650793651,False,False,True
Новосергиевский,Оренбургская область,2024-04,провал,2.232680847629014,0.6195436507936508,False,False,False
Кваркенский,Оренбургская область,2024-04,всплеск,1.6914753164934127,0.5044642857142857,False,False,False
Адамовский,Оренбургская область,2024-06,всплеск,2.225421723794065,0.8482142857142857,False,False,False
Сорочинский,Оренбургская область,2024-06,провал,1.676676067139281,0.7291666666666666,False,False,False
Бугуруслан,Оренбургская область,2024-05,провал,1.9356995434832744,0.7341269841269841,False,False,False
Красногвардейский,Оренбургская область,2024-06,провал,1.7621892388368376,0.7534722222222222,False,False,False
Асекеевский,Оренбургская область,2024-04,всплеск,3.2913603360406407,0.7544642857142857,False,False,True
Домбаровский,Оренбургская область,2024-05,провал,5.522528836823484,0.9905753968253969,True,True,True
Новотроицк,Оренбургская область,2024-05,всплеск,1.5909824207355785,0.6374007936507936,False,False,False
Кувандыкский,Оренбургская область,2024-06,всплеск,2.653419668806905,0.8980654761904762,False,False,True
Бузулук,Оренбургская область,2024-06,провал,1.5167633699401148,0.6760912698412699,False,False,False
Тоцкий,Оренбургская область,2024-05,всплеск,2.414787540505098,0.8298611111111112,False,False,True
Звериноголовский,Курганская область,2024-06,провал,3.7145778015030864,0.9632936507936508,False,False,True
Курган,Курганская область,2024-05,всплеск,4.304731489046146,0.9742063492063492,False,True,True
Ишимский,Тюменская область,2024-04,всплеск,1.7596515932707704,0.5208333333333334,False,False,False
Ишим,Тюменская область,2024-06,всплеск,1.19929947243093,0.5580357142857143,False,False,False
Ялуторовск,Тюменская область,2024-04,провал,1.253586148855237,0.38938492063492064,False,False,False
Упоровский,Тюменская область,2024-06,всплеск,1.063565869419088,0.5044642857142857,False,False,False
Викуловский,Тюменская область,2024-05,провал,3.6432653527791983,0.9518849206349206,False,False,True
Абатский,Тюменская область,2024-05,всплеск,1.4850005362913032,0.6061507936507936,False,False,False
