группа,категория,месяц,отклонение_%,МО
Оренбургская обл.: МО из постановлений о ЧС,Все категории,2024-03,0.39395836102010184,16
Оренбургская обл.: МО из постановлений о ЧС,Все категории,2024-04,2.0963678477898986,16
Оренбургская обл.: МО из постановлений о ЧС,Все категории,2024-05,-1.394557741352335,16
Оренбургская обл.: МО из постановлений о ЧС,Все категории,2024-06,-0.36786254216165243,16
Оренбургская обл.: МО из постановлений о ЧС,Все категории,2024-07,-2.158185144520323,16
Оренбургская обл.: МО из постановлений о ЧС,Продовольствие,2024-03,1.0645629942064279,16
Оренбургская обл.: МО из постановлений о ЧС,Продовольствие,2024-04,1.7485936953056371,16
Оренбургская обл.: МО из постановлений о ЧС,Продовольствие,2024-05,-0.17226048851817638,16
Оренбургская обл.: МО из постановлений о ЧС,Продовольствие,2024-06,-1.6552245291822316,16
Оренбургская обл.: МО из постановлений о ЧС,Продовольствие,2024-07,-1.7397246191611704,16
Оренбургская обл.: МО из постановлений о ЧС,Здоровье,2024-03,1.88623217954959,16
Оренбургская обл.: МО из постановлений о ЧС,Здоровье,2024-04,-4.196067425254149,16
Оренбургская обл.: МО из постановлений о ЧС,Здоровье,2024-05,-1.1672764040800643,16
Оренбургская обл.: МО из постановлений о ЧС,Здоровье,2024-06,0.13364721210319605,16
Оренбургская обл.: МО из постановлений о ЧС,Здоровье,2024-07,-1.7922900448629646,16
Оренбургская обл.: МО из постановлений о ЧС,Маркетплейсы,2024-03,-5.062619156802793,16
Оренбургская обл.: МО из постановлений о ЧС,Маркетплейсы,2024-04,3.166260023989144,16
Оренбургская обл.: МО из постановлений о ЧС,Маркетплейсы,2024-05,-4.450240118540465,16
Оренбургская обл.: МО из постановлений о ЧС,Маркетплейсы,2024-06,5.305315726615079,16
Оренбургская обл.: МО из постановлений о ЧС,Маркетплейсы,2024-07,-1.918963407304883,16
Оренбургская обл.: МО из постановлений о ЧС,Общественное питание,2024-03,-4.661196244529635,16
Оренбургская обл.: МО из постановлений о ЧС,Общественное питание,2024-04,-1.5974642697617656,16
Оренбургская обл.: МО из постановлений о ЧС,Общественное питание,2024-05,2.0493082151146056,16
Оренбургская обл.: МО из постановлений о ЧС,Общественное питание,2024-06,8.515495837346338,16
Оренбургская обл.: МО из постановлений о ЧС,Общественное питание,2024-07,7.926734553048977,16
Оренбургская обл.: МО из постановлений о ЧС,Транспорт,2024-03,2.599274688133294,16
Оренбургская обл.: МО из постановлений о ЧС,Транспорт,2024-04,-3.6520574221805413,16
Оренбургская обл.: МО из постановлений о ЧС,Транспорт,2024-05,-2.331494926534535,16
Оренбургская обл.: МО из постановлений о ЧС,Транспорт,2024-06,-2.7204817758429694,16
Оренбургская обл.: МО из постановлений о ЧС,Транспорт,2024-07,-2.085743598334331,16
Оренбургская обл.: остальные МО,Все категории,2024-03,0.052357314553964494,23
Оренбургская обл.: остальные МО,Все категории,2024-04,1.1905390084445335,23
Оренбургская обл.: остальные МО,Все категории,2024-05,-1.230250095368919,23
Оренбургская обл.: остальные МО,Все категории,2024-06,-0.7250822451617606,23
Оренбургская обл.: остальные МО,Все категории,2024-07,-2.592543918871784,23
Оренбургская обл.: остальные МО,Продовольствие,2024-03,0.14483979712745293,23
Оренбургская обл.: остальные МО,Продовольствие,2024-04,0.260738974509992,23
Оренбургская обл.: остальные МО,Продовольствие,2024-05,0.02007398043775385,23
Оренбургская обл.: остальные МО,Продовольствие,2024-06,-0.7239467813760295,23
Оренбургская обл.: остальные МО,Продовольствие,2024-07,-2.906771489624886,23
Оренбургская обл.: остальные МО,Здоровье,2024-03,3.9030315889206033,23
Оренбургская обл.: остальные МО,Здоровье,2024-04,-8.07155786790342,23
Оренбургская обл.: остальные МО,Здоровье,2024-05,-2.096829788741148,23
Оренбургская обл.: остальные МО,Здоровье,2024-06,-0.34781353113816843,23
Оренбургская обл.: остальные МО,Здоровье,2024-07,-0.21313051873288374,23
Оренбургская обл.: остальные МО,Маркетплейсы,2024-03,-3.358818658505771,23
Оренбургская обл.: остальные МО,Маркетплейсы,2024-04,2.913524609178501,23
Оренбургская обл.: остальные МО,Маркетплейсы,2024-05,-7.906143123481371,23
Оренбургская обл.: остальные МО,Маркетплейсы,2024-06,3.6955474478477552,23
Оренбургская обл.: остальные МО,Маркетплейсы,2024-07,-0.9364837489389025,23
Оренбургская обл.: остальные МО,Общественное питание,2024-03,-0.11137219429029827,23
Оренбургская обл.: остальные МО,Общественное питание,2024-04,-5.764842764105281,23
Оренбургская обл.: остальные МО,Общественное питание,2024-05,3.0238074624347453,23
Оренбургская обл.: остальные МО,Общественное питание,2024-06,-2.952160037014372,23
Оренбургская обл.: остальные МО,Общественное питание,2024-07,3.730662261686973,23
Оренбургская обл.: остальные МО,Транспорт,2024-03,4.811595309881456,23
Оренбургская обл.: остальные МО,Транспорт,2024-04,-3.336034416915229,23
Оренбургская обл.: остальные МО,Транспорт,2024-05,2.697682869008365,23
Оренбургская обл.: остальные МО,Транспорт,2024-06,-0.505408070874625,23
Оренбургская обл.: остальные МО,Транспорт,2024-07,-1.2564657714731051,23
Курганская и Тюменская обл.: названные МО,Все категории,2024-03,0.6286432521441065,8
Курганская и Тюменская обл.: названные МО,Все категории,2024-04,-1.16311229809256,8
Курганская и Тюменская обл.: названные МО,Все категории,2024-05,-0.032082123365043125,8
Курганская и Тюменская обл.: названные МО,Все категории,2024-06,0.23058104906352878,8
Курганская и Тюменская обл.: названные МО,Все категории,2024-07,0.020905185606436005,8
Курганская и Тюменская обл.: названные МО,Продовольствие,2024-03,-1.5495411604200038,8
Курганская и Тюменская обл.: названные МО,Продовольствие,2024-04,0.809672343054732,8
Курганская и Тюменская обл.: названные МО,Продовольствие,2024-05,0.7443813498985805,8
Курганская и Тюменская обл.: названные МО,Продовольствие,2024-06,-0.7211886021322333,8
Курганская и Тюменская обл.: названные МО,Продовольствие,2024-07,-0.3734853072853109,8
Курганская и Тюменская обл.: названные МО,Здоровье,2024-03,-0.2373991912676468,8
Курганская и Тюменская обл.: названные МО,Здоровье,2024-04,-0.31942428925257754,8
Курганская и Тюменская обл.: названные МО,Здоровье,2024-05,-6.378457130525933,8
Курганская и Тюменская обл.: названные МО,Здоровье,2024-06,1.323776074808447,8
Курганская и Тюменская обл.: названные МО,Здоровье,2024-07,4.074940699848726,8
Курганская и Тюменская обл.: названные МО,Маркетплейсы,2024-03,1.2867101720910963,8
Курганская и Тюменская обл.: названные МО,Маркетплейсы,2024-04,-7.419806641142028,8
Курганская и Тюменская обл.: названные МО,Маркетплейсы,2024-05,-0.31896008426073874,8
Курганская и Тюменская обл.: названные МО,Маркетплейсы,2024-06,-2.4026710919987178,8
Курганская и Тюменская обл.: названные МО,Маркетплейсы,2024-07,4.902958825695583,8
Курганская и Тюменская обл.: названные МО,Общественное питание,2024-03,6.918041542302573,8
Курганская и Тюменская обл.: названные МО,Общественное питание,2024-04,8.162452092619837,8
Курганская и Тюменская обл.: названные МО,Общественное питание,2024-05,33.01615974071071,8
Курганская и Тюменская обл.: названные МО,Общественное питание,2024-06,6.36982655262603,8
Курганская и Тюменская обл.: названные МО,Общественное питание,2024-07,-2.404543459778076,8
Курганская и Тюменская обл.: названные МО,Транспорт,2024-03,-1.3718269495602398,8
Курганская и Тюменская обл.: названные МО,Транспорт,2024-04,1.6280725670992535,8
Курганская и Тюменская обл.: названные МО,Транспорт,2024-05,-5.657668788274756,8
Курганская и Тюменская обл.: названные МО,Транспорт,2024-06,-1.5673437318688852,8
Курганская и Тюменская обл.: названные МО,Транспорт,2024-07,-1.4786339802268178,8
Курганская и Тюменская обл.: остальные МО,Все категории,2024-03,0.8885220760955678,40
Курганская и Тюменская обл.: остальные МО,Все категории,2024-04,1.612338390923022,40
Курганская и Тюменская обл.: остальные МО,Все категории,2024-05,0.7073358639159824,40
Курганская и Тюменская обл.: остальные МО,Все категории,2024-06,-1.136861771705969,40
Курганская и Тюменская обл.: остальные МО,Все категории,2024-07,-1.22857078623564,40
Курганская и Тюменская обл.: остальные МО,Продовольствие,2024-03,0.532035069783322,40
Курганская и Тюменская обл.: остальные МО,Продовольствие,2024-04,1.6766589123975322,40
Курганская и Тюменская обл.: остальные МО,Продовольствие,2024-05,-0.19681861952460883,40
Курганская и Тюменская обл.: остальные МО,Продовольствие,2024-06,-2.1366187237194167,40
Курганская и Тюменская обл.: остальные МО,Продовольствие,2024-07,-1.5804828925877277,40
Курганская и Тюменская обл.: остальные МО,Здоровье,2024-03,-0.41268167009001905,40
Курганская и Тюменская обл.: остальные МО,Здоровье,2024-04,1.9964261772448901,40
Курганская и Тюменская обл.: остальные МО,Здоровье,2024-05,-1.6039000387012812,40
Курганская и Тюменская обл.: остальные МО,Здоровье,2024-06,-1.3443707272583931,40
Курганская и Тюменская обл.: остальные МО,Здоровье,2024-07,1.3524423640009318,40
Курганская и Тюменская обл.: остальные МО,Маркетплейсы,2024-03,3.4861297586345765,40
Курганская и Тюменская обл.: остальные МО,Маркетплейсы,2024-04,0.06797732433777182,40
Курганская и Тюменская обл.: остальные МО,Маркетплейсы,2024-05,1.820328577017241,40
Курганская и Тюменская обл.: остальные МО,Маркетплейсы,2024-06,-2.917485219445952,40
Курганская и Тюменская обл.: остальные МО,Маркетплейсы,2024-07,2.366255303210923,40
Курганская и Тюменская обл.: остальные МО,Общественное питание,2024-03,3.092724547750044,40
Курганская и Тюменская обл.: остальные МО,Общественное питание,2024-04,10.093797394503694,40
Курганская и Тюменская обл.: остальные МО,Общественное питание,2024-05,5.726726087249196,40
Курганская и Тюменская обл.: остальные МО,Общественное питание,2024-06,-3.1093550673850503,40
Курганская и Тюменская обл.: остальные МО,Общественное питание,2024-07,5.179741720543593,40
Курганская и Тюменская обл.: остальные МО,Транспорт,2024-03,0.1981865369847011,40
Курганская и Тюменская обл.: остальные МО,Транспорт,2024-04,0.6718375286663425,40
Курганская и Тюменская обл.: остальные МО,Транспорт,2024-05,2.9903926141277135,40
Курганская и Тюменская обл.: остальные МО,Транспорт,2024-06,-2.967596900443464,40
Курганская и Тюменская обл.: остальные МО,Транспорт,2024-07,-3.208948888078039,40
Остальная Россия,Все категории,2024-03,0.2356833658838457,1929
Остальная Россия,Все категории,2024-04,-0.30548237574080184,1929
Остальная Россия,Все категории,2024-05,-0.1103131626622276,1929
Остальная Россия,Все категории,2024-06,0.24088619354077287,1929
Остальная Россия,Все категории,2024-07,0.4077796461380458,1929
Остальная Россия,Продовольствие,2024-03,0.2712389217373013,1929
Остальная Россия,Продовольствие,2024-04,0.09621632604808919,1929
Остальная Россия,Продовольствие,2024-05,-0.07001950902915452,1929
Остальная Россия,Продовольствие,2024-06,0.07110607586875314,1929
Остальная Россия,Продовольствие,2024-07,0.1939554096115276,1929
Остальная Россия,Здоровье,2024-03,0.3241988693450359,1929
Остальная Россия,Здоровье,2024-04,0.8191079763074729,1929
Остальная Россия,Здоровье,2024-05,-0.1257297791263267,1929
Остальная Россия,Здоровье,2024-06,-0.19149852098440753,1929
Остальная Россия,Здоровье,2024-07,0.8497368192810877,1929
Остальная Россия,Маркетплейсы,2024-03,1.4881822639872255,1929
Остальная Россия,Маркетплейсы,2024-04,1.2663165420015492,1929
Остальная Россия,Маркетплейсы,2024-05,0.04426663515273055,1929
Остальная Россия,Маркетплейсы,2024-06,0.9202046562753665,1929
Остальная Россия,Маркетплейсы,2024-07,1.0988596130963104,1929
Остальная Россия,Общественное питание,2024-03,3.1780711287906422,1929
Остальная Россия,Общественное питание,2024-04,2.330004380251942,1929
Остальная Россия,Общественное питание,2024-05,0.7984893146640218,1929
Остальная Россия,Общественное питание,2024-06,2.484648165029317,1929
Остальная Россия,Общественное питание,2024-07,4.838013420010917,1929
Остальная Россия,Транспорт,2024-03,1.0259660931191155,1929
Остальная Россия,Транспорт,2024-04,1.0825187794437292,1929
Остальная Россия,Транспорт,2024-05,-0.5717027644601578,1929
Остальная Россия,Транспорт,2024-06,-0.2648335530852559,1929
Остальная Россия,Транспорт,2024-07,0.31803433548351445,1929
