месяц,МО,регион,направление,оценка,z по всем категориям,главная категория,z главной категории
2024-12,городской округ город Коряжма,Архангельская область,всплеск,15.9,9.8,Продовольствие,16.0
2024-05,городской округ Анивский,Сахалинская область,провал,14.5,-10.2,Общественное питание,-9.2
2024-07,городской округ город Коряжма,Архангельская область,провал,13.6,-8.2,Продовольствие,-10.8
2024-11,городской округ город Волгореченск,Костромская область,всплеск,13.3,8.3,Общественное питание,9.2
2024-06,городской округ город Волгореченск,Костромская область,провал,12.4,-10.1,Продовольствие,-9.6
2024-05,Вытегорский муниципальный район,Вологодская область,всплеск,12.0,4.4,Общественное питание,17.0
2024-06,городской округ город Коряжма,Архангельская область,провал,11.9,-7.6,Продовольствие,-12.6
2024-10,Прионежский муниципальный район,Республика Карелия,провал,11.6,-9.2,Продовольствие,-7.1
2024-07,городской округ город Волгореченск,Костромская область,провал,11.5,-10.5,Общественное питание,-7.3
2024-04,Вытегорский муниципальный район,Вологодская область,всплеск,11.4,3.3,Общественное питание,14.3
2024-05,городской округ город Коряжма,Архангельская область,провал,11.1,-7.5,Продовольствие,-13.1
2024-06,муниципальный округ Невельский,Псковская область,провал,11.0,-5.3,Продовольствие,-10.6
2024-11,городской округ город Коряжма,Архангельская область,всплеск,10.6,6.7,Продовольствие,10.2
2024-04,городской округ Талдомский,Московская область,провал,10.0,-4.2,Общественное питание,-6.8
2024-08,городской округ город Дивногорск,Красноярский край,всплеск,9.9,4.5,Продовольствие,9.1
2024-04,городской округ Зарайск,Московская область,провал,9.7,-6.6,Продовольствие,-4.4
2024-03,Хотынецкий муниципальный район,Орловская область,всплеск,9.5,13.9,Продовольствие,3.8
2024-12,городской округ Анивский,Сахалинская область,всплеск,9.3,7.6,Транспорт,5.3
2024-08,городской округ город Переславль-Залесский,Ярославская область,всплеск,9.3,3.6,Транспорт,8.0
2024-04,внутригородская территория города федерального значения поселок Парголово,Санкт-Петербург,провал,9.1,-3.5,Общественное питание,-5.3
2024-11,городской округ Анивский,Сахалинская область,всплеск,9.0,5.1,Общественное питание,7.6
2024-05,городской округ город Орск,Оренбургская область,всплеск,9.0,6.3,Продовольствие,5.2
2024-04,городской округ Котельники,Московская область,провал,8.8,-6.4,Транспорт,-4.9
2024-04,внутригородская территория города федерального значения город Петергоф,Санкт-Петербург,провал,8.8,-6.6,Маркетплейсы,-4.9
2024-07,Кромской муниципальный район,Орловская область,провал,8.7,-7.1,Транспорт,-4.0
