detector,PR_AUC,precision@10,precision@20,precision@50,recall@0,recall@0_size-20,recall@0_size-10,recall@0_size-5,recall@0_size5,recall@0_size10,recall@0_size20,recall@0_cluster,recall@0_isolated,real_FAR@0,precision@FAR0,median_delay@0,cost@0_per1000MO,recall@1,recall@1_size-20,recall@1_size-10,recall@1_size-5,recall@1_size5,recall@1_size10,recall@1_size20,recall@1_cluster,recall@1_isolated,real_FAR@1,precision@FAR1,median_delay@1,cost@1_per1000MO,recall@2,recall@2_size-20,recall@2_size-10,recall@2_size-5,recall@2_size5,recall@2_size10,recall@2_size20,recall@2_cluster,recall@2_isolated,real_FAR@2,precision@FAR2,median_delay@2,cost@2_per1000MO,recall@3,recall@3_size-20,recall@3_size-10,recall@3_size-5,recall@3_size5,recall@3_size10,recall@3_size20,recall@3_cluster,recall@3_isolated,real_FAR@3,precision@FAR3,median_delay@3,cost@3_per1000MO,recall@5,recall@5_size-20,recall@5_size-10,recall@5_size-5,recall@5_size5,recall@5_size10,recall@5_size20,recall@5_cluster,recall@5_isolated,real_FAR@5,precision@FAR5,median_delay@5,cost@5_per1000MO,recall@10,recall@10_size-20,recall@10_size-10,recall@10_size-5,recall@10_size5,recall@10_size10,recall@10_size20,recall@10_cluster,recall@10_isolated,real_FAR@10,precision@FAR10,median_delay@10,cost@10_per1000MO,recall@20,recall@20_size-20,recall@20_size-10,recall@20_size-5,recall@20_size5,recall@20_size10,recall@20_size20,recall@20_cluster,recall@20_isolated,real_FAR@20,precision@FAR20,median_delay@20,cost@20_per1000MO,repeat
z_total,0.20724528153448996,0.6599999999999999,0.525,0.404,0.34328358208955223,0.7894736842105263,0.3125,0.08333333333333333,0.03125,0.1282051282051282,0.7948717948717948,0.3424657534246575,0.34545454545454546,0.005013774104683196,0.5601851851851852,0.0,699.9007936507936,0.44776119402985076,0.8947368421052632,0.4375,0.125,0.0625,0.38461538461538464,0.8205128205128205,0.4452054794520548,0.45454545454545453,0.010027548209366391,0.4664804469273743,0.0,640.8730158730159,0.5472636815920398,0.9473684210526315,0.5416666666666666,0.16666666666666666,0.15625,0.5641025641025641,0.8974358974358975,0.541095890410959,0.5636363636363636,0.020330578512396693,0.36046511627906974,0.0,634.4246031746031,0.6119402985074627,1.0,0.6666666666666666,0.20833333333333334,0.1875,0.6666666666666666,0.8974358974358975,0.6027397260273972,0.6363636363636364,0.030137741046831958,0.3119047619047619,0.0,658.234126984127,0.6716417910447762,1.0,0.7291666666666666,0.2916666666666667,0.3125,0.717948717948718,0.9230769230769231,0.6712328767123288,0.6727272727272727,0.04947658402203857,0.25847123719464143,0.0,772.8174603174604,0.7860696517412935,1.0,0.7708333333333334,0.4583333333333333,0.625,0.8205128205128205,1.0,0.7945205479452054,0.7636363636363637,0.09994490358126722,0.18906115417743324,0.0,1113.095238095238,0.945273631840796,1.0,0.9583333333333334,0.9166666666666666,0.875,0.9230769230769231,1.0,0.952054794520548,0.9272727272727272,0.19977961432506888,0.14474885844748858,0.0,1853.1746031746034,0
cusum_total,0.46253903568769283,0.77,0.735,0.644,0.29850746268656714,0.7368421052631579,0.3125,0.041666666666666664,0.03125,0.10256410256410256,0.6410256410256411,0.3013698630136986,0.2909090909090909,0.005509641873278237,0.7732426303854876,1.0,749.0079365079365,0.3781094527363184,0.8947368421052632,0.3958333333333333,0.125,0.03125,0.1282051282051282,0.7948717948717948,0.3767123287671233,0.38181818181818183,0.010633608815426998,0.695447409733124,1.0,715.7738095238095,0.4577114427860697,0.9473684210526315,0.5,0.125,0.0625,0.2564102564102564,0.8974358974358975,0.4452054794520548,0.4909090909090909,0.02071625344352617,0.5883620689655172,1.0,727.1825396825396,0.5124378109452736,0.9473684210526315,0.5416666666666666,0.125,0.09375,0.46153846153846156,0.8974358974358975,0.5068493150684932,0.5272727272727272,0.03085399449035813,0.5210437710437711,1.0,763.8888888888888,0.572139303482587,1.0,0.6041666666666666,0.20833333333333334,0.15625,0.5641025641025641,0.8974358974358975,0.5547945205479452,0.6181818181818182,0.05068870523415978,0.43317132442284323,1.0,882.936507936508,0.6865671641791045,1.0,0.7083333333333334,0.375,0.375,0.717948717948718,0.9230769230769231,0.6575342465753424,0.7636363636363637,0.10132231404958678,0.3154435925520263,0.0,1224.702380952381,0.8208955223880597,1.0,0.8125,0.4583333333333333,0.75,0.8461538461538461,1.0,0.815068493150685,0.8363636363636363,0.20148760330578513,0.21413590604026847,0.0,1992.5595238095236,0
ewma_total,0.3552759228358281,0.7499999999999999,0.7050000000000001,0.608,0.40298507462686567,0.8947368421052632,0.3958333333333333,0.125,0.03125,0.20512820512820512,0.8461538461538461,0.3904109589041096,0.43636363636363634,0.005123966942148761,0.723342939481268,1.0,641.3690476190477,0.43781094527363185,0.9473684210526315,0.4583333333333333,0.125,0.03125,0.2564102564102564,0.8717948717948718,0.4178082191780822,0.4909090909090909,0.010247933884297521,0.6264591439688716,1.0,652.7777777777778,0.5174129353233831,1.0,0.5833333333333334,0.16666666666666666,0.0625,0.41025641025641024,0.8974358974358975,0.4931506849315068,0.5818181818181818,0.020495867768595043,0.5083655083655083,1.0,665.6746031746031,0.5870646766169154,1.0,0.6458333333333334,0.20833333333333334,0.125,0.5897435897435898,0.9230769230769231,0.5684931506849316,0.6363636363636364,0.03085399449035813,0.44594594594594594,0.0,689.484126984127,0.6716417910447762,1.0,0.6875,0.375,0.28125,0.717948717948718,0.9487179487179487,0.6438356164383562,0.7454545454545455,0.050633608815427,0.3647925033467202,0.0,783.234126984127,0.8009950248756219,1.0,0.8125,0.4583333333333333,0.625,0.8461538461538461,1.0,0.7876712328767124,0.8363636363636363,0.10077134986225895,0.26658905704307334,0.0,1105.654761904762,0.8855721393034826,1.0,0.8958333333333334,0.6666666666666666,0.8125,0.8974358974358975,1.0,0.8835616438356164,0.8909090909090909,0.20132231404958678,0.19008620689655173,0.0,1926.5873015873017,0
bocpd_total,0.19207422228673068,0.6599999999999999,0.48,0.33,0.31840796019900497,0.7368421052631579,0.25,0.041666666666666664,0.03125,0.1794871794871795,0.7435897435897436,0.3219178082191781,0.3090909090909091,0.005123966942148761,0.5410628019323671,0.0,725.6944444444445,0.3781094527363184,0.7894736842105263,0.3125,0.125,0.03125,0.23076923076923078,0.8461538461538461,0.3767123287671233,0.38181818181818183,0.010247933884297521,0.4086687306501548,0.0,712.3015873015873,0.43283582089552236,0.7894736842105263,0.3541666666666667,0.16666666666666666,0.03125,0.41025641025641024,0.8717948717948718,0.4178082191780822,0.4727272727272727,0.020495867768595043,0.30127041742286753,0.0,750.0,0.5074626865671642,0.7894736842105263,0.4791666666666667,0.16666666666666666,0.1875,0.48717948717948717,0.8974358974358975,0.4931506849315068,0.5454545454545454,0.030247933884297522,0.2626131953428202,0.0,763.3928571428571,0.5771144278606966,0.9473684210526315,0.5625,0.20833333333333334,0.28125,0.5641025641025641,0.8974358974358975,0.5753424657534246,0.5818181818181818,0.05019283746556474,0.2280557834290402,0.0,873.5119047619048,0.6616915422885572,1.0,0.5833333333333334,0.2916666666666667,0.40625,0.7692307692307693,0.9230769230769231,0.6643835616438356,0.6545454545454545,0.0996694214876033,0.1702127659574468,0.0,1234.623015873016,0.8557213930348259,1.0,0.875,0.625,0.6875,0.8974358974358975,1.0,0.8561643835616438,0.8545454545454545,0.19900826446280992,0.13579676674364896,0.0,1935.515873015873,0
binseg_total,0.22809875582682768,0.58,0.5349999999999999,0.396,0.263681592039801,0.631578947368421,0.25,0.041666666666666664,0.0625,0.05128205128205128,0.6153846153846154,0.273972602739726,0.23636363636363636,0.005289256198347108,0.5446009389671361,0.0,781.7460317460317,0.31840796019900497,0.6842105263157895,0.2708333333333333,0.125,0.0625,0.15384615384615385,0.6923076923076923,0.3287671232876712,0.2909090909090909,0.010413223140495868,0.45454545454545453,0.0,773.313492063492,0.43781094527363185,0.7894736842105263,0.375,0.16666666666666666,0.09375,0.38461538461538464,0.8461538461538461,0.4315068493150685,0.45454545454545453,0.020330578512396693,0.37868852459016394,0.0,743.5515873015873,0.4925373134328358,0.8947368421052632,0.4375,0.20833333333333334,0.09375,0.48717948717948717,0.8717948717948718,0.4794520547945205,0.5272727272727272,0.030633608815426996,0.3391003460207612,0.0,781.7460317460317,0.572139303482587,0.9473684210526315,0.5625,0.20833333333333334,0.21875,0.5897435897435898,0.8974358974358975,0.5547945205479452,0.6181818181818182,0.05090909090909091,0.2853932584269663,0.0,884.9206349206349,0.6567164179104478,1.0,0.6666666666666666,0.25,0.34375,0.7435897435897436,0.8974358974358975,0.6506849315068494,0.6727272727272727,0.10005509641873278,0.21777221526908636,0.0,1243.0555555555557,0.8109452736318408,1.0,0.7916666666666666,0.5416666666666666,0.65625,0.8461538461538461,1.0,0.815068493150685,0.8,0.19961432506887053,0.15978456014362658,0.0,1985.6150793650793,0
stouffer,0.20690205241914653,0.6499999999999999,0.585,0.45200000000000007,0.36318407960199006,0.7894736842105263,0.1875,0.16666666666666666,0.03125,0.41025641025641024,0.717948717948718,0.3356164383561644,0.43636363636363634,0.004903581267217631,0.5540540540540541,0.0,679.0674603174604,0.43283582089552236,0.8947368421052632,0.3333333333333333,0.16666666666666666,0.03125,0.48717948717948717,0.7692307692307693,0.4178082191780822,0.4727272727272727,0.009807162534435261,0.4425287356321839,0.0,653.7698412698413,0.5174129353233831,0.9473684210526315,0.4791666666666667,0.25,0.03125,0.5897435897435898,0.8461538461538461,0.4931506849315068,0.5818181818181818,0.019724517906336086,0.34966216216216217,0.0,658.7301587301587,0.5771144278606966,0.9473684210526315,0.5416666666666666,0.375,0.09375,0.6153846153846154,0.9230769230769231,0.541095890410959,0.6727272727272727,0.02953168044077135,0.31528279181708785,0.0,687.5,0.6417910447761194,0.9473684210526315,0.5833333333333334,0.4583333333333333,0.15625,0.7692307692307693,0.9487179487179487,0.6232876712328768,0.6909090909090909,0.049862258953168044,0.25275590551181104,0.0,806.0515873015873,0.7611940298507462,0.9473684210526315,0.7916666666666666,0.625,0.375,0.8205128205128205,0.9743589743589743,0.7465753424657534,0.8,0.0993388429752066,0.18652849740932642,0.0,1132.4404761904764,0.8507462686567164,0.9473684210526315,0.9166666666666666,0.625,0.59375,0.9230769230769231,1.0,0.8356164383561644,0.8909090909090909,0.19983471074380166,0.1345798707294552,0.0,1947.9166666666667,0
stouffer_cusum,0.4315664071598918,0.8100000000000002,0.775,0.686,0.2736318407960199,0.6842105263157895,0.16666666666666666,0.041666666666666664,0.0,0.1794871794871795,0.6666666666666666,0.2328767123287671,0.38181818181818183,0.005289256198347108,0.7777777777777778,1.0,771.8253968253969,0.3283582089552239,0.7368421052631579,0.22916666666666666,0.125,0.0,0.28205128205128205,0.6923076923076923,0.2808219178082192,0.45454545454545453,0.01046831955922865,0.6930533117932148,1.0,763.8888888888888,0.4129353233830846,0.9473684210526315,0.375,0.125,0.0,0.358974358974359,0.7692307692307693,0.3835616438356164,0.4909090909090909,0.02071625344352617,0.5782997762863534,1.0,771.8253968253969,0.4577114427860697,0.9473684210526315,0.4583333333333333,0.16666666666666666,0.0,0.41025641025641024,0.8205128205128205,0.4315068493150685,0.5272727272727272,0.03085399449035813,0.49551971326164873,1.0,818.452380952381,0.5074626865671642,0.9473684210526315,0.5,0.20833333333333334,0.0625,0.5128205128205128,0.8461538461538461,0.4931506849315068,0.5454545454545454,0.05112947658402204,0.4020486555697823,1.0,951.3888888888888,0.5920398009950248,0.9473684210526315,0.5833333333333334,0.3333333333333333,0.125,0.6666666666666666,0.8974358974358975,0.5684931506849316,0.6545454545454545,0.10044077134986226,0.2929717341482047,1.0,1311.0119047619046,0.7263681592039801,0.9473684210526315,0.7291666666666666,0.4583333333333333,0.40625,0.7692307692307693,1.0,0.7123287671232876,0.7636363636363637,0.19977961432506888,0.20241431342961846,0.0,2071.4285714285716,0
pelt_total,0.20058707210909782,0.6,0.565,0.42799999999999994,0.27860696517412936,0.631578947368421,0.25,0.08333333333333333,0.03125,0.07692307692307693,0.6666666666666666,0.2808219178082192,0.2727272727272727,0.006556473829201102,0.5518518518518518,0.0,778.2738095238095,0.43283582089552236,0.8421052631578947,0.3541666666666667,0.16666666666666666,0.09375,0.38461538461538464,0.8205128205128205,0.4246575342465753,0.45454545454545453,0.01884297520661157,0.41459369817578773,0.0,735.1190476190477,0.572139303482587,0.9473684210526315,0.5833333333333334,0.20833333333333334,0.25,0.5384615384615384,0.8974358974358975,0.5547945205479452,0.6181818181818182,0.04556473829201102,0.2898671096345515,0.0,836.8055555555555,0.572139303482587,0.9473684210526315,0.5833333333333334,0.20833333333333334,0.25,0.5384615384615384,0.8974358974358975,0.5547945205479452,0.6181818181818182,0.04556473829201102,0.2898671096345515,0.0,836.8055555555555,0.6368159203980099,0.9473684210526315,0.625,0.25,0.375,0.6923076923076923,0.8974358974358975,0.636986301369863,0.6363636363636364,0.07911845730027549,0.22734334541688245,0.0,1074.404761904762,0.7114427860696517,1.0,0.6666666666666666,0.375,0.5,0.7692307692307693,0.9487179487179487,0.7123287671232876,0.7090909090909091,0.1252892561983471,0.18156521739130435,0.0,1415.6746031746034,0.8656716417910447,1.0,0.8541666666666666,0.5833333333333334,0.78125,0.9230769230769231,1.0,0.8767123287671232,0.8363636363636363,0.2621487603305785,0.13166254853512177,0.0,2494.0476190476193,0
spatial_stouffer,0.1606309817390462,0.48999999999999994,0.40499999999999997,0.316,0.24378109452736318,0.5263157894736842,0.125,0.125,0.0,0.2564102564102564,0.5128205128205128,0.2876712328767123,0.12727272727272726,0.005179063360881543,0.4702702702702703,0.0,800.5952380952382,0.2885572139303483,0.5263157894736842,0.14583333333333334,0.16666666666666666,0.0625,0.3333333333333333,0.5641025641025641,0.3424657534246575,0.14545454545454545,0.008264462809917356,0.4139194139194139,0.0,783.7301587301587,0.36318407960199006,0.5789473684210527,0.25,0.16666666666666666,0.0625,0.5384615384615384,0.5897435897435898,0.4315068493150685,0.18181818181818182,0.017575757575757574,0.28512396694214875,0.0,793.1547619047618,0.417910447761194,0.631578947368421,0.3125,0.20833333333333334,0.0625,0.6153846153846154,0.6666666666666666,0.4863013698630137,0.23636363636363636,0.02837465564738292,0.24267782426778242,0.0,835.813492063492,0.5174129353233831,0.7368421052631579,0.4791666666666667,0.3333333333333333,0.125,0.6153846153846154,0.7948717948717948,0.5684931506849316,0.38181818181818183,0.04771349862258953,0.20302760463045413,0.0,910.7142857142857,0.7114427860696517,0.8947368421052632,0.6666666666666666,0.5,0.3125,0.8974358974358975,0.9487179487179487,0.7397260273972602,0.6363636363636364,0.10016528925619834,0.16577060931899643,0.0,1189.484126984127,0.7910447761194029,0.9473684210526315,0.8125,0.5416666666666666,0.5,0.8974358974358975,0.9743589743589743,0.8082191780821918,0.7454545454545455,0.1931129476584022,0.12911821705426357,0.0,1946.9246031746034,0
stouffer_or_spatial,0.21091112370277076,0.6499999999999999,0.5900000000000001,0.4580000000000001,0.373134328358209,0.8947368421052632,0.1875,0.16666666666666666,0.03125,0.41025641025641024,0.717948717948718,0.3493150684931507,0.43636363636363634,0.004793388429752066,0.5669642857142857,0.0,668.1547619047618,0.43781094527363185,0.9473684210526315,0.3333333333333333,0.16666666666666666,0.03125,0.48717948717948717,0.7692307692307693,0.4246575342465753,0.4727272727272727,0.009917355371900827,0.4431818181818182,0.0,649.8015873015873,0.5174129353233831,0.9473684210526315,0.4791666666666667,0.25,0.03125,0.5897435897435898,0.8461538461538461,0.4931506849315068,0.5818181818181818,0.019779614325068872,0.35126050420168065,0.0,659.2261904761905,0.5870646766169154,0.9473684210526315,0.5625,0.375,0.09375,0.6410256410256411,0.9230769230769231,0.5547945205479452,0.6727272727272727,0.02953168044077135,0.318562874251497,0.0,677.5793650793651,0.6567164179104478,0.9473684210526315,0.6458333333333334,0.4583333333333333,0.15625,0.7692307692307693,0.9487179487179487,0.6438356164383562,0.6909090909090909,0.051019283746556475,0.2528823981552652,0.0,801.5873015873017,0.7711442786069652,0.9473684210526315,0.8125,0.625,0.34375,0.8717948717948718,0.9743589743589743,0.7602739726027398,0.8,0.10066115702479339,0.18747337025990626,0.0,1134.4246031746034,0.8557213930348259,0.9473684210526315,0.9166666666666666,0.625,0.59375,0.9487179487179487,1.0,0.8424657534246576,0.8909090909090909,0.20264462809917355,0.1346548188653452,0.0,1968.2539682539682,0
z_total,0.23877757133043526,0.73,0.63,0.4720000000000001,0.417910447761194,0.7931034482758621,0.44,0.0625,0.0,0.29545454545454547,0.6666666666666666,0.4161073825503356,0.4230769230769231,0.004903581267217631,0.6377952755905512,0.0,624.5039682539683,0.5174129353233831,0.8448275862068966,0.56,0.125,0.041666666666666664,0.4772727272727273,0.8333333333333334,0.5167785234899329,0.5192307692307693,0.009752066115702479,0.5325,0.0,568.9484126984127,0.6119402985074627,0.9137931034482759,0.64,0.1875,0.16666666666666666,0.6363636363636364,0.8888888888888888,0.6040268456375839,0.6346153846153846,0.019779614325068872,0.41368584758942456,0.0,564.9801587301587,0.6666666666666666,0.9482758620689655,0.76,0.21875,0.20833333333333334,0.7045454545454546,0.9444444444444444,0.6577181208053692,0.6923076923076923,0.02975206611570248,0.34757505773672054,0.0,600.1984126984127,0.7114427860696517,0.9655172413793104,0.8,0.28125,0.20833333333333334,0.8181818181818182,0.9444444444444444,0.7181208053691275,0.6923076923076923,0.049862258953168044,0.27739463601532566,0.0,736.6071428571429,0.8258706467661692,0.9827586206896551,0.92,0.5625,0.4166666666666667,0.9318181818181818,0.9444444444444444,0.825503355704698,0.8269230769230769,0.09972451790633609,0.20059625212947188,0.0,1071.4285714285713,0.8955223880597015,1.0,1.0,0.75,0.5,0.9772727272727273,1.0,0.8791946308724832,0.9423076923076923,0.20110192837465565,0.14464407550602684,0.0,1914.6825396825398,1
cusum_total,0.5187280319422374,0.82,0.8099999999999999,0.716,0.3383084577114428,0.7241379310344828,0.36,0.0625,0.0,0.11363636363636363,0.5555555555555556,0.3288590604026846,0.36538461538461536,0.005509641873278237,0.8031496062992126,1.0,709.3253968253969,0.4228855721393035,0.8103448275862069,0.4,0.09375,0.041666666666666664,0.2727272727272727,0.6666666666666666,0.4228187919463087,0.4230769230769231,0.010137741046831955,0.729106628242075,1.0,666.6666666666666,0.5174129353233831,0.8620689655172413,0.56,0.125,0.08333333333333333,0.4090909090909091,0.8888888888888888,0.5033557046979866,0.5576923076923077,0.019724517906336086,0.6255102040816326,1.0,658.7301587301587,0.5771144278606966,0.8793103448275862,0.68,0.1875,0.08333333333333333,0.5454545454545454,0.8888888888888888,0.5637583892617449,0.6153846153846154,0.029641873278236915,0.5584206285253828,1.0,688.4920634920635,0.6517412935323383,0.9137931034482759,0.72,0.3125,0.16666666666666666,0.6818181818181818,0.8888888888888888,0.6442953020134228,0.6730769230769231,0.050413223140495865,0.46118192352259557,0.0,801.0912698412699,0.7412935323383084,0.9655172413793104,0.8,0.4375,0.2916666666666667,0.7954545454545454,0.9444444444444444,0.7449664429530202,0.7307692307692307,0.09988980716253444,0.33524150268336317,0.0,1157.2420634920634,0.835820895522388,1.0,0.96,0.65625,0.375,0.8636363636363636,1.0,0.8322147651006712,0.8461538461538461,0.2006611570247934,0.2247868579746309,0.0,1970.2380952380954,1
ewma_total,0.41679515323832117,0.8400000000000001,0.78,0.6839999999999999,0.46766169154228854,0.8103448275862069,0.52,0.09375,0.041666666666666664,0.3409090909090909,0.8333333333333334,0.46308724832214765,0.4807692307692308,0.005234159779614325,0.7699757869249395,1.0,577.8769841269841,0.5621890547263682,0.8793103448275862,0.64,0.1875,0.08333333333333333,0.5,0.8888888888888888,0.5503355704697986,0.5961538461538461,0.009917355371900827,0.6928213689482471,1.0,525.7936507936508,0.6218905472636815,0.9310344827586207,0.72,0.21875,0.08333333333333333,0.6363636363636364,0.8888888888888888,0.6174496644295302,0.6346153846153846,0.02027548209366391,0.5717514124293785,0.0,559.5238095238095,0.6517412935323383,0.9482758620689655,0.72,0.28125,0.16666666666666666,0.6590909090909091,0.8888888888888888,0.6510067114093959,0.6538461538461539,0.03002754820936639,0.5017699115044247,0.0,617.5595238095239,0.7213930348258707,0.9655172413793104,0.76,0.40625,0.25,0.7727272727272727,0.9444444444444444,0.7248322147651006,0.7115384615384616,0.050413223140495865,0.4029187817258883,0.0,731.6468253968253,0.8009950248756219,0.9827586206896551,0.88,0.53125,0.3333333333333333,0.8863636363636364,1.0,0.8187919463087249,0.75,0.10066115702479339,0.28798787419477073,0.0,1104.6626984126983,0.8656716417910447,1.0,0.96,0.6875,0.5,0.9090909090909091,1.0,0.8657718120805369,0.8653846153846154,0.20115702479338843,0.19584315406042427,0.0,1944.9404761904764,1
bocpd_total,0.2067190706224716,0.63,0.545,0.364,0.3383084577114428,0.6379310344827587,0.16,0.03125,0.0,0.3409090909090909,0.6111111111111112,0.35570469798657717,0.28846153846153844,0.004738292011019283,0.5707547169811321,0.0,702.3809523809523,0.417910447761194,0.7068965517241379,0.4,0.03125,0.08333333333333333,0.38636363636363635,0.7222222222222222,0.42953020134228187,0.38461538461538464,0.010082644628099173,0.4492753623188406,0.0,671.1309523809523,0.48756218905472637,0.7758620689655172,0.48,0.09375,0.16666666666666666,0.45454545454545453,0.7777777777777778,0.4966442953020134,0.46153846153846156,0.01994490358126722,0.3397212543554007,0.0,690.4761904761905,0.5472636815920398,0.7931034482758621,0.52,0.1875,0.20833333333333334,0.5681818181818182,0.8333333333333334,0.5503355704697986,0.5384615384615384,0.02947658402203857,0.2909783989834816,0.0,716.765873015873,0.5970149253731343,0.8448275862068966,0.52,0.28125,0.20833333333333334,0.6363636363636364,0.8888888888888888,0.610738255033557,0.5576923076923077,0.0496969696969697,0.24232633279483037,0.0,849.2063492063492,0.7512437810945274,0.9137931034482759,0.76,0.53125,0.3333333333333333,0.8409090909090909,0.9444444444444444,0.7651006711409396,0.7115384615384616,0.09988980716253444,0.1870659722222222,0.0,1147.3214285714287,0.8557213930348259,0.9482758620689655,0.84,0.75,0.5416666666666666,0.9545454545454546,0.9444444444444444,0.8657718120805369,0.8269230769230769,0.20044077134986227,0.13978494623655913,0.0,1948.4126984126983,1
binseg_total,0.2732838773668942,0.65,0.605,0.49400000000000005,0.3333333333333333,0.7068965517241379,0.24,0.09375,0.0,0.13636363636363635,0.6111111111111112,0.33557046979865773,0.3269230769230769,0.005179063360881543,0.6420664206642066,0.0,711.3095238095239,0.43283582089552236,0.7413793103448276,0.32,0.125,0.041666666666666664,0.38636363636363635,0.7777777777777778,0.42953020134228187,0.4423076923076923,0.010303030303030303,0.5380952380952381,0.0,658.234126984127,0.48756218905472637,0.7931034482758621,0.44,0.125,0.16666666666666666,0.4318181818181818,0.7777777777777778,0.48322147651006714,0.5,0.02,0.43647234678624813,0.0,690.9722222222222,0.5422885572139303,0.8620689655172413,0.56,0.15625,0.16666666666666666,0.5,0.7777777777777778,0.5369127516778524,0.5576923076923077,0.030082644628099172,0.3881720430107527,0.0,727.1825396825396,0.6368159203980099,0.8793103448275862,0.64,0.3125,0.25,0.6590909090909091,0.8888888888888888,0.6308724832214765,0.6538461538461539,0.049586776859504134,0.3236784938450398,0.0,808.531746031746,0.7213930348258707,0.9310344827586207,0.72,0.40625,0.2916666666666667,0.8181818181818182,0.9444444444444444,0.7181208053691275,0.7307692307692307,0.10082644628099173,0.23778764634638677,0.0,1185.515873015873,0.835820895522388,0.9655172413793104,0.92,0.71875,0.4166666666666667,0.8863636363636364,0.9444444444444444,0.8590604026845637,0.7692307692307693,0.2015426997245179,0.17083333333333334,0.0,1978.1746031746034,1
stouffer,0.245509608943231,0.8,0.7150000000000001,0.5000000000000001,0.4626865671641791,0.7758620689655172,0.6,0.0,0.041666666666666664,0.38636363636363635,0.8333333333333334,0.44966442953020136,0.5,0.0048484848484848485,0.6470588235294118,0.0,579.3650793650794,0.5373134328358209,0.8620689655172413,0.68,0.0625,0.041666666666666664,0.5,0.8888888888888888,0.5234899328859061,0.5769230769230769,0.009586776859504133,0.5175,0.0,547.6190476190477,0.5970149253731343,0.8793103448275862,0.76,0.15625,0.08333333333333333,0.6136363636363636,0.8888888888888888,0.5704697986577181,0.6730769230769231,0.02,0.3953846153846154,0.0,581.8452380952382,0.6417910447761194,0.9137931034482759,0.76,0.1875,0.25,0.6590909090909091,0.8888888888888888,0.6308724832214765,0.6730769230769231,0.030082644628099172,0.3408833522083805,0.0,627.9761904761905,0.736318407960199,0.9827586206896551,0.88,0.3125,0.3333333333333333,0.7954545454545454,0.8888888888888888,0.7248322147651006,0.7692307692307693,0.05090909090909091,0.2729323308270677,0.0,721.2301587301587,0.8059701492537313,0.9827586206896551,0.92,0.53125,0.375,0.8863636363636364,0.9444444444444444,0.7919463087248322,0.8461538461538461,0.10088154269972452,0.2,0.0,1101.686507936508,0.8706467661691543,1.0,0.96,0.6875,0.4583333333333333,0.9545454545454546,1.0,0.8590604026845637,0.9038461538461539,0.2018181818181818,0.14162309615821778,0.0,1945.9325396825398,1
stouffer_cusum,0.5134900790551914,0.8699999999999999,0.8150000000000001,0.7280000000000001,0.31840796019900497,0.6206896551724138,0.28,0.0,0.0,0.18181818181818182,0.7222222222222222,0.31543624161073824,0.3269230769230769,0.005179063360881543,0.8096192384769539,1.0,726.1904761904761,0.42786069651741293,0.7241379310344828,0.52,0.0625,0.08333333333333333,0.29545454545454547,0.7777777777777778,0.42953020134228187,0.4230769230769231,0.010192837465564738,0.7264833574529667,1.0,662.202380952381,0.5174129353233831,0.8448275862068966,0.6,0.15625,0.16666666666666666,0.38636363636363635,0.7777777777777778,0.5167785234899329,0.5192307692307693,0.020110192837465565,0.6244939271255061,1.0,662.202380952381,0.5472636815920398,0.8620689655172413,0.6,0.15625,0.20833333333333334,0.4318181818181818,0.8888888888888888,0.5503355704697986,0.5384615384615384,0.029972451790633608,0.549227013832384,1.0,721.2301587301587,0.6268656716417911,0.8793103448275862,0.72,0.25,0.2916666666666667,0.5909090909090909,0.8888888888888888,0.6241610738255033,0.6346153846153846,0.04931129476584022,0.4526378896882494,1.0,815.9722222222222,0.6965174129353234,0.9310344827586207,0.8,0.34375,0.3333333333333333,0.7045454545454546,0.8888888888888888,0.697986577181208,0.6923076923076923,0.09774104683195592,0.33112094395280234,0.0,1182.5396825396826,0.7960199004975125,0.9482758620689655,0.92,0.46875,0.5,0.8636363636363636,0.9444444444444444,0.7986577181208053,0.7884615384615384,0.2003305785123967,0.22215269086357947,0.0,2006.9444444444446,1
pelt_total,0.23018249951705577,0.61,0.6,0.4820000000000001,0.3482587064676617,0.6724137931034483,0.28,0.0625,0.0,0.22727272727272727,0.6666666666666666,0.3422818791946309,0.36538461538461536,0.006446280991735537,0.6077170418006431,0.0,707.8373015873017,0.472636815920398,0.7931034482758621,0.44,0.09375,0.16666666666666666,0.4090909090909091,0.7222222222222222,0.4697986577181208,0.4807692307692308,0.018402203856749313,0.4500792393026941,0.0,691.468253968254,0.6218905472636815,0.8793103448275862,0.64,0.28125,0.20833333333333334,0.6363636363636364,0.8888888888888888,0.610738255033557,0.6538461538461539,0.04451790633608815,0.32586068855084066,0.0,777.7777777777778,0.6218905472636815,0.8793103448275862,0.64,0.28125,0.20833333333333334,0.6363636363636364,0.8888888888888888,0.610738255033557,0.6538461538461539,0.04451790633608815,0.32586068855084066,0.0,777.7777777777778,0.7064676616915423,0.9310344827586207,0.76,0.40625,0.25,0.7727272727272727,0.8888888888888888,0.7046979865771812,0.7115384615384616,0.07889807162534435,0.2521432173474534,0.0,1002.9761904761905,0.7661691542288557,0.9310344827586207,0.88,0.53125,0.2916666666666667,0.8409090909090909,0.9444444444444444,0.7651006711409396,0.7692307692307693,0.12330578512396695,0.20254033642293168,0.0,1343.2539682539682,0.8557213930348259,0.9655172413793104,0.92,0.8125,0.3333333333333333,0.9545454545454546,0.9444444444444444,0.8523489932885906,0.8653846153846154,0.2611570247933884,0.13678665496049167,0.0,2495.0396825396824,1
spatial_stouffer,0.22383385524644694,0.75,0.6100000000000001,0.442,0.4427860696517413,0.9137931034482759,0.48,0.0625,0.041666666666666664,0.2727272727272727,0.5,0.4966442953020134,0.28846153846153844,0.006611570247933884,0.5932203389830508,0.0,615.0793650793651,0.47761194029850745,0.9655172413793104,0.48,0.0625,0.041666666666666664,0.36363636363636365,0.5,0.5369127516778524,0.3076923076923077,0.009752066115702479,0.5213903743315508,0.0,608.6309523809523,0.5373134328358209,0.9655172413793104,0.52,0.0625,0.08333333333333333,0.5681818181818182,0.5555555555555556,0.6040268456375839,0.34615384615384615,0.017575757575757574,0.3971631205673759,0.0,619.5436507936508,0.5870646766169154,0.9827586206896551,0.56,0.09375,0.16666666666666666,0.6590909090909091,0.6111111111111112,0.6510067114093959,0.40384615384615385,0.02837465564738292,0.31203007518796994,0.0,667.1626984126983,0.6467661691542289,1.0,0.6,0.15625,0.25,0.7272727272727273,0.7777777777777778,0.6845637583892618,0.5384615384615384,0.04853994490358127,0.24877650897226752,0.0,789.186507936508,0.736318407960199,1.0,0.68,0.34375,0.4583333333333333,0.8409090909090909,0.7777777777777778,0.7785234899328859,0.6153846153846154,0.09735537190082645,0.19300575475874282,0.0,1139.3849206349207,0.8905472636815921,1.0,0.88,0.71875,0.7083333333333334,0.9318181818181818,1.0,0.9060402684563759,0.8461538461538461,0.1925619834710744,0.14531138153185397,0.0,1842.7579365079366,1
stouffer_or_spatial,0.2521708491569563,0.8,0.7200000000000001,0.502,0.48258706467661694,0.8448275862068966,0.6,0.0,0.041666666666666664,0.38636363636363635,0.8333333333333334,0.47651006711409394,0.5,0.005013774104683196,0.6514084507042254,0.0,561.0119047619048,0.5522388059701493,0.896551724137931,0.72,0.0625,0.041666666666666664,0.5,0.8888888888888888,0.5436241610738255,0.5769230769230769,0.010027548209366391,0.5179856115107914,0.0,536.7063492063492,0.6069651741293532,0.896551724137931,0.8,0.15625,0.08333333333333333,0.6136363636363636,0.8888888888888888,0.5838926174496645,0.6730769230769231,0.020550964187327825,0.3967065868263473,0.0,576.8849206349206,0.6666666666666666,0.9310344827586207,0.84,0.1875,0.25,0.7045454545454546,0.8888888888888888,0.6644295302013423,0.6730769230769231,0.03118457300275482,0.3399122807017544,0.0,613.0952380952382,0.7611940298507462,1.0,0.96,0.3125,0.3333333333333333,0.8409090909090909,0.8888888888888888,0.7583892617449665,0.7692307692307693,0.05333333333333334,0.27056277056277056,0.0,718.2539682539683,0.8258706467661692,1.0,0.96,0.53125,0.4166666666666667,0.9090909090909091,0.9444444444444444,0.8187919463087249,0.8461538461538461,0.10380165289256198,0.2004920049200492,0.0,1108.1349206349207,0.8805970149253731,1.0,0.96,0.65625,0.5416666666666666,0.9772727272727273,1.0,0.8791946308724832,0.8846153846153846,0.20457300275482093,0.14365629894831058,0.0,1960.813492063492,1
z_total,0.20651127229141805,0.66,0.5799999999999998,0.442,0.3681592039800995,0.75,0.25,0.12,0.11538461538461539,0.4375,0.56,0.3819444444444444,0.3333333333333333,0.005234159779614325,0.5707964601769911,0.0,677.0833333333334,0.44776119402985076,0.9,0.35714285714285715,0.18,0.11538461538461539,0.4375,0.72,0.4722222222222222,0.38596491228070173,0.010358126721763086,0.47107438016528924,0.0,643.8492063492064,0.5223880597014925,0.975,0.4642857142857143,0.22,0.15384615384615385,0.625,0.72,0.5486111111111112,0.45614035087719296,0.019779614325068872,0.38079470198675497,0.0,654.265873015873,0.5771144278606966,0.975,0.5714285714285714,0.3,0.23076923076923078,0.65625,0.76,0.6111111111111112,0.49122807017543857,0.03002754820936639,0.31850961538461536,0.0,691.9642857142857,0.6417910447761194,1.0,0.6428571428571429,0.36,0.34615384615384615,0.71875,0.84,0.6666666666666666,0.5789473684210527,0.05024793388429752,0.25371965544244324,0.0,809.5238095238095,0.7313432835820896,1.0,0.75,0.52,0.4230769230769231,0.75,1.0,0.7569444444444444,0.6666666666666666,0.09988980716253444,0.1829530779164873,0.0,1167.1626984126983,0.8606965174129353,1.0,0.9285714285714286,0.72,0.6538461538461539,0.90625,1.0,0.8958333333333334,0.7719298245614035,0.2019283746556474,0.1305243874513396,0.0,1956.845238095238,2
cusum_total,0.45914055919089447,0.8099999999999999,0.74,0.622,0.3034825870646766,0.725,0.10714285714285714,0.08,0.0,0.34375,0.56,0.3194444444444444,0.2631578947368421,0.005674931129476584,0.765375854214123,1.0,745.5357142857143,0.39800995024875624,0.875,0.17857142857142858,0.12,0.07692307692307693,0.46875,0.68,0.4236111111111111,0.3333333333333333,0.011129476584022038,0.6823899371069182,1.0,700.3968253968253,0.48756218905472637,0.975,0.2857142857142857,0.18,0.19230769230769232,0.625,0.68,0.5277777777777778,0.38596491228070173,0.021487603305785124,0.5889121338912134,1.0,704.3650793650794,0.5373134328358209,0.975,0.42857142857142855,0.24,0.19230769230769232,0.65625,0.76,0.5763888888888888,0.43859649122807015,0.03168044077134986,0.518579686209744,1.0,746.5277777777778,0.5920398009950248,0.975,0.5714285714285714,0.32,0.2692307692307692,0.65625,0.8,0.625,0.5087719298245614,0.05228650137741047,0.4247471743010113,1.0,877.4801587301587,0.6666666666666666,1.0,0.6428571428571429,0.46,0.4230769230769231,0.65625,0.84,0.7013888888888888,0.5789473684210527,0.1,0.3055452177149237,0.0,1232.638888888889,0.7661691542288557,1.0,0.6785714285714286,0.6,0.5,0.84375,1.0,0.8263888888888888,0.6140350877192983,0.19895316804407714,0.20731448011907294,0.0,2024.3055555555554,2
ewma_total,0.36424413576723313,0.7999999999999999,0.745,0.6420000000000001,0.4129353233830846,0.925,0.21428571428571427,0.14,0.11538461538461539,0.40625,0.68,0.4305555555555556,0.3684210526315789,0.005564738292011019,0.7247956403269755,1.0,635.4166666666666,0.48756218905472637,0.975,0.32142857142857145,0.2,0.15384615384615385,0.5625,0.72,0.5138888888888888,0.42105263157894735,0.010853994490358126,0.6388384754990926,1.0,608.6309523809523,0.5422885572139303,0.975,0.4642857142857143,0.24,0.19230769230769232,0.65625,0.76,0.5763888888888888,0.45614035087719296,0.0209366391184573,0.5118306351183064,1.0,644.8412698412699,0.6019900497512438,0.975,0.5357142857142857,0.38,0.2692307692307692,0.65625,0.8,0.6388888888888888,0.5087719298245614,0.031074380165289257,0.44696969696969696,1.0,676.5873015873017,0.6467661691542289,0.975,0.6428571428571429,0.44,0.34615384615384615,0.65625,0.84,0.6875,0.543859649122807,0.05173553719008264,0.3607636603028308,0.0,817.9563492063492,0.7313432835820896,1.0,0.6428571428571429,0.58,0.4230769230769231,0.75,1.0,0.7847222222222222,0.5964912280701754,0.102534435261708,0.26404279709591133,0.0,1190.9722222222224,0.8557213930348259,1.0,0.8571428571428571,0.76,0.5384615384615384,0.96875,1.0,0.8819444444444444,0.7894736842105263,0.201267217630854,0.18719211822660098,0.0,1955.8531746031747,2
bocpd_total,0.18622568854265598,0.66,0.51,0.338,0.31343283582089554,0.7,0.25,0.1,0.038461538461538464,0.375,0.4,0.3263888888888889,0.2807017543859649,0.004738292011019283,0.5404040404040404,0.0,727.1825396825396,0.38308457711442784,0.775,0.39285714285714285,0.18,0.038461538461538464,0.4375,0.44,0.4166666666666667,0.2982456140350877,0.009641873278236915,0.4177215189873418,0.0,701.8849206349206,0.43781094527363185,0.825,0.5,0.2,0.07692307692307693,0.5,0.52,0.4791666666666667,0.3333333333333333,0.019008264462809916,0.31894934333958724,0.0,731.6468253968253,0.4925373134328358,0.9,0.5714285714285714,0.22,0.15384615384615385,0.5625,0.56,0.5486111111111112,0.3508771929824561,0.028705234159779613,0.2696929238985314,0.0,764.3849206349206,0.5422885572139303,0.975,0.6071428571428571,0.22,0.19230769230769232,0.625,0.68,0.5902777777777778,0.42105263157894735,0.04831955922865014,0.2205128205128205,0.0,891.3690476190477,0.6567164179104478,1.0,0.6071428571428571,0.34,0.5384615384615384,0.6875,0.88,0.6875,0.5789473684210527,0.1,0.16644474034620507,0.0,1242.5595238095236,0.8159203980099502,1.0,0.75,0.64,0.6923076923076923,0.875,1.0,0.8541666666666666,0.7192982456140351,0.20159779614325068,0.1276300578034682,0.0,1998.5119047619046,2
binseg_total,0.22285296395597576,0.6499999999999999,0.5599999999999999,0.43200000000000005,0.29850746268656714,0.725,0.14285714285714285,0.08,0.0,0.375,0.44,0.3125,0.2631578947368421,0.005179063360881543,0.5758928571428571,0.0,746.031746031746,0.373134328358209,0.9,0.25,0.12,0.0,0.4375,0.48,0.4027777777777778,0.2982456140350877,0.00997245179063361,0.4821917808219178,0.0,714.781746031746,0.4626865671641791,0.95,0.32142857142857145,0.22,0.07692307692307693,0.5625,0.6,0.4861111111111111,0.40350877192982454,0.019834710743801654,0.3964401294498382,0.0,714.2857142857143,0.527363184079602,0.975,0.5357142857142857,0.22,0.15384615384615385,0.59375,0.72,0.5763888888888888,0.40350877192982454,0.029696969696969697,0.34959349593495936,0.0,738.5912698412699,0.5671641791044776,0.975,0.6071428571428571,0.24,0.2692307692307692,0.65625,0.72,0.6111111111111112,0.45614035087719296,0.049641873278236916,0.28076923076923077,0.0,878.4722222222222,0.6268656716417911,0.975,0.6071428571428571,0.32,0.46153846153846156,0.71875,0.76,0.6597222222222222,0.543859649122807,0.10104683195592286,0.20042194092827004,0.0,1281.7460317460318,0.7512437810945274,1.0,0.6785714285714286,0.5,0.6538461538461539,0.84375,0.92,0.7916666666666666,0.6491228070175439,0.20148760330578513,0.14797297297297296,0.0,2062.003968253968,2
stouffer,0.22819193851108702,0.73,0.72,0.496,0.39800995024875624,0.85,0.39285714285714285,0.16,0.0,0.4375,0.52,0.4305555555555556,0.3157894736842105,0.005013774104683196,0.616600790513834,0.0,645.3373015873017,0.4577114427860697,0.9,0.42857142857142855,0.24,0.07692307692307693,0.46875,0.6,0.4930555555555556,0.3684210526315789,0.009807162534435261,0.4826666666666667,0.0,628.968253968254,0.5472636815920398,0.95,0.4642857142857143,0.4,0.19230769230769232,0.5,0.72,0.5902777777777778,0.43859649122807015,0.019228650137741048,0.37868852459016394,0.0,624.5039682539683,0.6069651741293532,0.95,0.5714285714285714,0.44,0.2692307692307692,0.5625,0.84,0.6527777777777778,0.49122807017543857,0.029201101928374655,0.3309692671394799,0.0,654.7619047619048,0.6865671641791045,0.975,0.6428571428571429,0.52,0.38461538461538464,0.625,1.0,0.7291666666666666,0.5789473684210527,0.050137741046831955,0.25696594427244585,0.0,763.8888888888888,0.7960199004975125,1.0,0.7142857142857143,0.68,0.5769230769230769,0.8125,1.0,0.8402777777777778,0.6842105263157895,0.10027548209366391,0.19284802043422733,0.0,1106.1507936507937,0.8756218905472637,1.0,0.8214285714285714,0.82,0.7307692307692307,0.875,1.0,0.9097222222222222,0.7894736842105263,0.19983471074380166,0.13615455381784727,0.0,1923.1150793650793,2
stouffer_cusum,0.4924495295215514,0.89,0.82,0.712,0.29850746268656714,0.75,0.21428571428571427,0.12,0.038461538461538464,0.21875,0.4,0.3125,0.2631578947368421,0.005509641873278237,0.7799564270152506,1.0,749.0079365079365,0.39303482587064675,0.875,0.35714285714285715,0.24,0.038461538461538464,0.28125,0.48,0.4166666666666667,0.3333333333333333,0.010413223140495868,0.7114803625377644,1.0,698.9087301587301,0.48756218905472637,0.925,0.39285714285714285,0.3,0.07692307692307693,0.4375,0.76,0.5347222222222222,0.3684210526315789,0.020550964187327825,0.6083333333333333,1.0,695.9325396825396,0.5024875621890548,0.925,0.42857142857142855,0.3,0.11538461538461539,0.46875,0.76,0.5555555555555556,0.3684210526315789,0.03085399449035813,0.5291666666666667,1.0,773.8095238095239,0.5920398009950248,0.95,0.42857142857142855,0.42,0.34615384615384615,0.5625,0.84,0.6458333333333334,0.45614035087719296,0.050743801652892565,0.4399759903961585,1.0,863.5912698412699,0.6766169154228856,0.975,0.5,0.48,0.4230769230769231,0.71875,1.0,0.7361111111111112,0.5263157894736842,0.1015977961432507,0.312707182320442,1.0,1237.1031746031747,0.7910447761194029,1.0,0.6428571428571429,0.64,0.6538461538461539,0.84375,1.0,0.8402777777777778,0.6666666666666666,0.19972451790633608,0.2146940503917002,0.0,2006.4484126984125,2
pelt_total,0.19132711469996982,0.5999999999999999,0.565,0.42400000000000004,0.31840796019900497,0.775,0.21428571428571427,0.1,0.0,0.375,0.4,0.3541666666666667,0.22807017543859648,0.006115702479338843,0.5627376425855514,0.0,734.6230158730159,0.44776119402985076,0.85,0.4642857142857143,0.2,0.07692307692307693,0.5,0.6,0.4861111111111111,0.3508771929824561,0.017961432506887053,0.40350877192982454,0.0,712.3015873015873,0.5422885572139303,0.975,0.6071428571428571,0.22,0.23076923076923078,0.59375,0.68,0.5902777777777778,0.42105263157894735,0.04347107438016529,0.28534258456201217,0.0,847.718253968254,0.5422885572139303,0.975,0.6071428571428571,0.22,0.23076923076923078,0.59375,0.68,0.5902777777777778,0.42105263157894735,0.04347107438016529,0.28534258456201217,0.0,847.718253968254,0.582089552238806,0.975,0.6071428571428571,0.26,0.34615384615384615,0.65625,0.72,0.625,0.47368421052631576,0.07757575757575758,0.2159273115980759,0.0,1115.079365079365,0.6965174129353234,1.0,0.6071428571428571,0.44,0.6153846153846154,0.71875,0.88,0.7361111111111112,0.5964912280701754,0.12292011019283747,0.17686593562079944,0.0,1409.2261904761904,0.8258706467661692,1.0,0.7857142857142857,0.68,0.6923076923076923,0.84375,1.0,0.8611111111111112,0.7368421052631579,0.2618732782369146,0.12218078494050791,0.0,2531.25,2
spatial_stouffer,0.1911042463386313,0.66,0.5850000000000001,0.406,0.39800995024875624,0.775,0.21428571428571427,0.32,0.0,0.375,0.6,0.4861111111111111,0.17543859649122806,0.0070523415977961435,0.5090252707581228,0.0,663.6904761904761,0.43781094527363185,0.825,0.2857142857142857,0.34,0.0,0.40625,0.68,0.5277777777777778,0.21052631578947367,0.011790633608815427,0.4325,0.0,666.6666666666666,0.46766169154228854,0.825,0.32142857142857145,0.38,0.038461538461538464,0.4375,0.72,0.5694444444444444,0.21052631578947367,0.021487603305785124,0.3085808580858086,0.0,724.2063492063492,0.5124378109452736,0.85,0.39285714285714285,0.42,0.11538461538461539,0.5,0.72,0.6111111111111112,0.2631578947368421,0.029917355371900826,0.2729559748427673,0.0,755.4563492063492,0.5870646766169154,0.9,0.5714285714285714,0.44,0.23076923076923078,0.59375,0.76,0.6666666666666666,0.38596491228070173,0.04754820936639118,0.23633305298570226,0.0,839.781746031746,0.6965174129353234,0.9,0.6428571428571429,0.6,0.5384615384615384,0.6875,0.8,0.7777777777777778,0.49122807017543857,0.10104683195592286,0.17410134257254223,0.0,1212.3015873015872,0.8557213930348259,1.0,0.8571428571428571,0.76,0.6923076923076923,0.96875,0.84,0.9305555555555556,0.6666666666666666,0.19845730027548208,0.133364420610865,0.0,1930.5555555555557,2
stouffer_or_spatial,0.2328731193897147,0.73,0.735,0.496,0.39800995024875624,0.85,0.39285714285714285,0.16,0.0,0.4375,0.52,0.4305555555555556,0.3157894736842105,0.005068870523415978,0.615686274509804,0.0,645.8333333333334,0.4577114427860697,0.9,0.42857142857142855,0.24,0.07692307692307693,0.46875,0.6,0.4930555555555556,0.3684210526315789,0.00997245179063361,0.48293963254593175,0.0,630.4563492063492,0.5472636815920398,0.95,0.4642857142857143,0.4,0.19230769230769232,0.5,0.72,0.5902777777777778,0.43859649122807015,0.019393939393939394,0.3778501628664495,0.0,625.9920634920635,0.6119402985074627,0.95,0.5714285714285714,0.46,0.2692307692307692,0.5625,0.84,0.6597222222222222,0.49122807017543857,0.02953168044077135,0.32942555685814773,0.0,652.7777777777778,0.6965174129353234,0.975,0.6428571428571429,0.54,0.38461538461538464,0.65625,1.0,0.7430555555555556,0.5789473684210527,0.05118457300275482,0.25889477668433003,0.0,763.3928571428571,0.8109452736318408,1.0,0.7857142857142857,0.7,0.5769230769230769,0.8125,1.0,0.8611111111111112,0.6842105263157895,0.1015977961432507,0.19480519480519481,0.0,1103.1746031746034,0.8855721393034826,1.0,0.9285714285714286,0.8,0.7307692307692307,0.875,1.0,0.9305555555555556,0.7719298245614035,0.20303030303030303,0.1383747178329571,0.0,1941.9642857142858,2
z_total,0.17067797636942375,0.5099999999999999,0.43999999999999995,0.36,0.24378109452736318,0.6071428571428571,0.19444444444444445,0.13157894736842105,0.0,0.2,0.5714285714285714,0.23448275862068965,0.26785714285714285,0.005289256198347108,0.4576271186440678,1.0,801.5873015873017,0.31343283582089554,0.75,0.2222222222222222,0.18421052631578946,0.05263157894736842,0.275,0.6666666666666666,0.3103448275862069,0.32142857142857145,0.01046831955922865,0.3639344262295082,1.0,778.7698412698413,0.44776119402985076,0.8928571428571429,0.3333333333333333,0.2631578947368421,0.10526315789473684,0.5,0.9047619047619048,0.4413793103448276,0.4642857142857143,0.0209366391184573,0.31866197183098594,1.0,739.0873015873017,0.5422885572139303,0.9285714285714286,0.4722222222222222,0.34210526315789475,0.10526315789473684,0.75,0.9047619047619048,0.5310344827586206,0.5714285714285714,0.03090909090909091,0.27715355805243447,0.0,734.6230158730159,0.6517412935323383,0.9285714285714286,0.6111111111111112,0.5263157894736842,0.21052631578947367,0.9,0.9047619047619048,0.6344827586206897,0.6964285714285714,0.051019283746556475,0.23885350318471338,0.0,806.547619047619,0.8208955223880597,1.0,0.8055555555555556,0.7105263157894737,0.5789473684210527,0.95,1.0,0.8206896551724138,0.8214285714285714,0.10099173553719008,0.1825975139305615,0.0,1087.797619047619,0.9353233830845771,1.0,1.0,0.9210526315789473,0.7894736842105263,0.95,1.0,0.9379310344827586,0.9285714285714286,0.20269972451790633,0.13510445049954586,0.0,1889.3849206349207,3
cusum_total,0.36193949265780667,0.68,0.595,0.55,0.19900497512437812,0.5357142857142857,0.16666666666666666,0.05263157894736842,0.05263157894736842,0.125,0.47619047619047616,0.1724137931034483,0.26785714285714285,0.005564738292011019,0.7138810198300283,2.0,848.7103174603175,0.25870646766169153,0.6428571428571429,0.19444444444444445,0.07894736842105263,0.05263157894736842,0.2,0.6666666666666666,0.23448275862068965,0.32142857142857145,0.011074380165289256,0.6164122137404581,2.0,838.7896825396825,0.3383084577114428,0.75,0.3055555555555556,0.10526315789473684,0.05263157894736842,0.325,0.8095238095238095,0.32413793103448274,0.375,0.021873278236914602,0.5098522167487685,1.0,856.6468253968253,0.4079601990049751,0.8214285714285714,0.3333333333333333,0.18421052631578946,0.10526315789473684,0.45,0.8571428571428571,0.3931034482758621,0.44642857142857145,0.0321763085399449,0.44766355140186914,1.0,879.9603174603175,0.5174129353233831,0.8928571428571429,0.4444444444444444,0.34210526315789475,0.15789473684210525,0.625,0.9047619047619048,0.5103448275862069,0.5357142857142857,0.052451790633608816,0.375,1.0,953.3730158730159,0.6169154228855721,0.8928571428571429,0.5833333333333334,0.4473684210526316,0.2631578947368421,0.75,1.0,0.5862068965517241,0.6964285714285714,0.10369146005509641,0.26849733028222733,1.0,1315.4761904761904,0.7860696517412935,1.0,0.8611111111111112,0.6052631578947368,0.5263157894736842,0.875,1.0,0.7724137931034483,0.8214285714285714,0.20391184573002755,0.19085106382978723,1.0,2049.1071428571427,3
ewma_total,0.30433411333981575,0.6399999999999999,0.6050000000000001,0.534,0.263681592039801,0.6785714285714286,0.19444444444444445,0.07894736842105263,0.05263157894736842,0.2,0.6666666666666666,0.23448275862068965,0.3392857142857143,0.005399449035812672,0.6278195488721805,1.0,782.7380952380952,0.3880597014925373,0.7857142857142857,0.2777777777777778,0.21052631578947367,0.05263157894736842,0.475,0.8095238095238095,0.3793103448275862,0.4107142857142857,0.010743801652892562,0.5667396061269147,1.0,706.8452380952382,0.48756218905472637,0.8928571428571429,0.4166666666666667,0.2631578947368421,0.07894736842105263,0.65,0.9047619047619048,0.4827586206896552,0.5,0.02137741046831956,0.46467391304347827,1.0,703.3730158730159,0.527363184079602,0.8928571428571429,0.4444444444444444,0.34210526315789475,0.13157894736842105,0.675,0.9523809523809523,0.496551724137931,0.6071428571428571,0.032011019283746556,0.4097706879361914,1.0,759.4246031746031,0.6318407960199005,0.9285714285714286,0.5833333333333334,0.5,0.23684210526315788,0.775,1.0,0.6206896551724138,0.6607142857142857,0.05190082644628099,0.3397129186602871,1.0,834.3253968253969,0.7611940298507462,1.0,0.8333333333333334,0.6052631578947368,0.39473684210526316,0.9,1.0,0.7655172413793103,0.75,0.10170798898071626,0.25263157894736843,1.0,1153.7698412698412,0.8557213930348259,1.0,0.9444444444444444,0.6842105263157895,0.631578947368421,0.975,1.0,0.8482758620689655,0.875,0.2019283746556474,0.17676330592816963,0.0,1961.8055555555557,3
bocpd_total,0.13933681463820807,0.41,0.32500000000000007,0.23000000000000004,0.1791044776119403,0.4642857142857143,0.1388888888888889,0.05263157894736842,0.05263157894736842,0.075,0.5238095238095238,0.16551724137931034,0.21428571428571427,0.005399449035812672,0.3717948717948718,0.0,867.063492063492,0.24875621890547264,0.5714285714285714,0.19444444444444445,0.07894736842105263,0.05263157894736842,0.15,0.7619047619047619,0.23448275862068965,0.2857142857142857,0.010413223140495868,0.29411764705882354,1.0,842.7579365079365,0.29850746268656714,0.6428571428571429,0.25,0.10526315789473684,0.05263157894736842,0.2,0.9047619047619048,0.296551724137931,0.30357142857142855,0.020495867768595043,0.22040816326530613,0.0,883.9285714285714,0.36318407960199006,0.75,0.2777777777777778,0.21052631578947367,0.05263157894736842,0.325,0.9047619047619048,0.3448275862068966,0.4107142857142857,0.03074380165289256,0.2013986013986014,0.0,911.7063492063492,0.48756218905472637,0.8214285714285714,0.3888888888888889,0.3157894736842105,0.23684210526315788,0.525,0.9047619047619048,0.4689655172413793,0.5357142857142857,0.0512396694214876,0.17875647668393782,0.0,972.2222222222222,0.7064676616915423,0.9642857142857143,0.6388888888888888,0.5,0.5526315789473685,0.8,0.9523809523809523,0.696551724137931,0.7321428571428571,0.1028099173553719,0.15336879432624115,0.0,1218.2539682539682,0.8805970149253731,1.0,0.9166666666666666,0.7894736842105263,0.7105263157894737,0.95,1.0,0.8758620689655172,0.8928571428571429,0.20352617079889807,0.12752293577981652,0.0,1951.388888888889,3
binseg_total,0.1668329284247902,0.43000000000000005,0.4,0.3,0.15422885572139303,0.4642857142857143,0.1111111111111111,0.05263157894736842,0.0,0.125,0.3333333333333333,0.13793103448275862,0.19642857142857142,0.00534435261707989,0.40963855421686746,1.0,891.3690476190477,0.21890547263681592,0.5357142857142857,0.1388888888888889,0.07894736842105263,0.02631578947368421,0.2,0.5714285714285714,0.2,0.26785714285714285,0.01068870523415978,0.3562091503267974,1.0,875.0,0.29850746268656714,0.7142857142857143,0.19444444444444445,0.10526315789473684,0.05263157894736842,0.3,0.7142857142857143,0.2827586206896552,0.3392857142857143,0.021212121212121213,0.2980251346499102,1.0,890.3769841269841,0.3781094527363184,0.7857142857142857,0.3055555555555556,0.15789473684210525,0.07894736842105263,0.375,0.9047619047619048,0.3793103448275862,0.375,0.031460055096418735,0.27044025157232704,1.0,903.2738095238095,0.472636815920398,0.8214285714285714,0.3333333333333333,0.2631578947368421,0.21052631578947367,0.575,0.9047619047619048,0.4689655172413793,0.48214285714285715,0.052121212121212124,0.22661290322580646,1.0,995.0396825396825,0.6417910447761194,0.8928571428571429,0.5555555555555556,0.47368421052631576,0.42105263157894735,0.75,0.9523809523809523,0.6275862068965518,0.6785714285714286,0.10336088154269972,0.18236301369863014,0.0,1287.6984126984128,0.8407960199004975,1.0,0.7777777777777778,0.7368421052631579,0.6842105263157895,0.95,1.0,0.8275862068965517,0.875,0.20528925619834712,0.1426016987036209,0.0,2006.9444444444446,3
stouffer,0.20091503793898685,0.6500000000000001,0.645,0.438,0.3681592039800995,0.6071428571428571,0.3611111111111111,0.23684210526315788,0.10526315789473684,0.425,0.6666666666666666,0.3586206896551724,0.39285714285714285,0.004903581267217631,0.5471698113207547,1.0,674.1071428571429,0.4527363184079602,0.75,0.5277777777777778,0.23684210526315788,0.15789473684210525,0.525,0.7142857142857143,0.4482758620689655,0.4642857142857143,0.009752066115702479,0.438953488372093,1.0,633.4325396825396,0.5223880597014925,0.7857142857142857,0.5277777777777778,0.34210526315789475,0.18421052631578946,0.625,0.9047619047619048,0.5172413793103449,0.5357142857142857,0.019504132231404958,0.35093696763202725,0.0,651.7857142857143,0.6169154228855721,0.8928571428571429,0.6111111111111112,0.42105263157894735,0.34210526315789475,0.7,0.9523809523809523,0.6275862068965518,0.5892857142857143,0.029586776859504133,0.29469790382244143,0.0,648.313492063492,0.7213930348258707,0.9642857142857143,0.6944444444444444,0.5526315789473685,0.5263157894736842,0.8,0.9523809523809523,0.7034482758620689,0.7678571428571429,0.04931129476584022,0.25254104769351055,0.0,721.7261904761905,0.8258706467661692,0.9642857142857143,0.8055555555555556,0.6842105263157895,0.7105263157894737,0.925,0.9523809523809523,0.8206896551724138,0.8392857142857143,0.09977961432506888,0.18616567036720752,0.0,1071.9246031746034,0.9154228855721394,1.0,0.9444444444444444,0.7894736842105263,0.8421052631578947,0.975,1.0,0.9310344827586207,0.875,0.19796143250688705,0.13735883844203733,0.0,1866.5674603174602,3
stouffer_cusum,0.39296048166740216,0.7299999999999999,0.6900000000000001,0.616,0.19900497512437812,0.42857142857142855,0.3055555555555556,0.0,0.02631578947368421,0.075,0.6190476190476191,0.19310344827586207,0.21428571428571427,0.005564738292011019,0.7232876712328767,2.0,848.7103174603175,0.2736318407960199,0.5,0.3888888888888889,0.05263157894736842,0.07894736842105263,0.175,0.7142857142857143,0.25517241379310346,0.32142857142857145,0.010303030303030303,0.6494464944649446,1.0,816.9642857142857,0.3781094527363184,0.6071428571428571,0.4444444444444444,0.15789473684210525,0.13157894736842105,0.375,0.8095238095238095,0.3448275862068966,0.4642857142857143,0.020606060606060607,0.549346016646849,1.0,805.5555555555555,0.44776119402985076,0.6428571428571429,0.5,0.21052631578947367,0.23684210526315788,0.5,0.8095238095238095,0.42758620689655175,0.5,0.030137741046831958,0.48333333333333334,1.0,821.9246031746031,0.5124378109452736,0.7857142857142857,0.5277777777777778,0.2631578947368421,0.2894736842105263,0.55,0.9047619047619048,0.503448275862069,0.5357142857142857,0.04881542699724518,0.3955026455026455,1.0,925.5952380952382,0.6517412935323383,0.8928571428571429,0.6388888888888888,0.5263157894736842,0.3684210526315789,0.725,0.9523809523809523,0.6413793103448275,0.6785714285714286,0.09785123966942148,0.2804067266327728,1.0,1228.1746031746034,0.7810945273631841,0.9642857142857143,0.8055555555555556,0.5789473684210527,0.6578947368421053,0.85,0.9523809523809523,0.7793103448275862,0.7857142857142857,0.19630853994490358,0.195690030474532,1.0,1985.6150793650793,3
pelt_total,0.1356921019068357,0.43000000000000005,0.375,0.27,0.1890547263681592,0.42857142857142855,0.1388888888888889,0.07894736842105263,0.0,0.175,0.5238095238095238,0.18620689655172415,0.19642857142857142,0.006556473829201102,0.39603960396039606,1.0,867.5595238095239,0.2935323383084577,0.6785714285714286,0.2222222222222222,0.10526315789473684,0.05263157894736842,0.275,0.7142857142857143,0.2827586206896552,0.32142857142857145,0.019614325068870522,0.2811881188118812,1.0,880.952380952381,0.42786069651741293,0.7857142857142857,0.3333333333333333,0.21052631578947367,0.15789473684210525,0.475,0.9047619047619048,0.41379310344827586,0.4642857142857143,0.04672176308539945,0.20917431192660552,1.0,991.0714285714286,0.42786069651741293,0.7857142857142857,0.3333333333333333,0.21052631578947367,0.15789473684210525,0.475,0.9047619047619048,0.41379310344827586,0.4642857142857143,0.04672176308539945,0.20917431192660552,1.0,991.0714285714286,0.5572139303482587,0.8571428571428571,0.5,0.3684210526315789,0.2894736842105263,0.65,0.9047619047619048,0.5310344827586206,0.625,0.08214876033057851,0.1742671009771987,0.0,1181.0515873015872,0.7263681592039801,0.9642857142857143,0.6388888888888888,0.5526315789473685,0.5263157894736842,0.875,0.9523809523809523,0.7241379310344828,0.7321428571428571,0.12848484848484848,0.15262039660056656,0.0,1429.563492063492,0.8805970149253731,1.0,0.8055555555555556,0.8157894736842105,0.7894736842105263,0.95,1.0,0.8758620689655172,0.8928571428571429,0.2653443526170799,0.1166283795723626,0.0,2507.936507936508,3
spatial_stouffer,0.1748576124100193,0.7200000000000001,0.55,0.376,0.31840796019900497,0.6785714285714286,0.3888888888888889,0.18421052631578946,0.02631578947368421,0.2,0.7142857142857143,0.35172413793103446,0.23214285714285715,0.004793388429752066,0.5561224489795918,1.0,722.718253968254,0.3383084577114428,0.6785714285714286,0.3888888888888889,0.21052631578947367,0.07894736842105263,0.225,0.7142857142857143,0.3793103448275862,0.23214285714285715,0.008319559228650138,0.4275618374558304,1.0,734.6230158730159,0.40298507462686567,0.75,0.5,0.23684210526315788,0.07894736842105263,0.325,0.8095238095238095,0.42758620689655175,0.3392857142857143,0.01856749311294766,0.29191321499013806,1.0,762.4007936507936,0.4626865671641791,0.8214285714285714,0.5277777777777778,0.2894736842105263,0.13157894736842105,0.425,0.8571428571428571,0.496551724137931,0.375,0.026611570247933883,0.2695035460992908,1.0,775.297619047619,0.5323383084577115,0.8214285714285714,0.5555555555555556,0.2894736842105263,0.2631578947368421,0.6,0.9047619047619048,0.5724137931034483,0.42857142857142855,0.043801652892561986,0.22242647058823528,0.0,860.6150793650794,0.7412935323383084,0.9285714285714286,0.6666666666666666,0.5526315789473685,0.6842105263157895,0.775,1.0,0.7862068965517242,0.625,0.09614325068870523,0.17530419107706174,0.0,1123.5119047619046,0.8805970149253731,1.0,0.8888888888888888,0.7105263157894737,0.868421052631579,0.9,1.0,0.903448275862069,0.8214285714285714,0.1884297520661157,0.13302416402245545,0.0,1815.4761904761904,3
stouffer_or_spatial,0.2039481128317871,0.6500000000000001,0.65,0.442,0.3781094527363184,0.6428571428571429,0.3611111111111111,0.23684210526315788,0.10526315789473684,0.425,0.7142857142857143,0.3724137931034483,0.39285714285714285,0.0048484848484848485,0.5539906103286385,1.0,663.6904761904761,0.4577114427860697,0.75,0.5277777777777778,0.23684210526315788,0.15789473684210525,0.525,0.7619047619047619,0.45517241379310347,0.4642857142857143,0.009752066115702479,0.4438040345821326,1.0,628.4722222222222,0.527363184079602,0.7857142857142857,0.5277777777777778,0.3684210526315789,0.18421052631578946,0.625,0.9047619047619048,0.5172413793103449,0.5535714285714286,0.019504132231404958,0.3531409168081494,0.0,646.8253968253969,0.6218905472636815,0.8928571428571429,0.6111111111111112,0.4473684210526316,0.34210526315789475,0.7,0.9523809523809523,0.6275862068965518,0.6071428571428571,0.02931129476584022,0.29739776951672864,0.0,640.8730158730159,0.7313432835820896,0.9642857142857143,0.7222222222222222,0.5526315789473685,0.5263157894736842,0.825,0.9523809523809523,0.7172413793103448,0.7678571428571429,0.04947658402203857,0.2536964980544747,0.0,713.2936507936508,0.8308457711442786,0.9642857142857143,0.8611111111111112,0.6842105263157895,0.6842105263157895,0.925,0.9523809523809523,0.8275862068965517,0.8392857142857143,0.10055096418732783,0.1878967414303851,0.0,1073.9087301587301,0.9203980099502488,1.0,0.9722222222222222,0.7894736842105263,0.8421052631578947,0.975,1.0,0.9379310344827586,0.875,0.19895316804407714,0.1373223292067859,0.0,1870.5357142857142,3
z_total,0.2569162326388491,0.74,0.6599999999999999,0.532,0.4925373134328358,0.696969696969697,0.5,0.15,0.03571428571428571,0.42105263157894735,0.68,0.5294117647058824,0.375,0.005234159779614325,0.652014652014652,0.0,553.0753968253969,0.5373134328358209,0.7878787878787878,0.5384615384615384,0.15,0.03571428571428571,0.47368421052631576,0.7333333333333333,0.5555555555555556,0.4791666666666667,0.009807162534435261,0.5601965601965602,0.0,549.6031746031747,0.6119402985074627,0.8484848484848485,0.5384615384615384,0.2,0.10714285714285714,0.7368421052631579,0.8,0.6209150326797386,0.5833333333333334,0.019614325068870522,0.44036697247706424,0.0,563.4920634920635,0.6915422885572139,0.8787878787878788,0.6538461538461539,0.3,0.17857142857142858,0.8421052631578947,0.88,0.7124183006535948,0.625,0.029586776859504133,0.3828125,0.0,573.9087301587301,0.7661691542288557,0.9090909090909091,0.8461538461538461,0.35,0.2857142857142857,0.8421052631578947,0.9466666666666667,0.7843137254901961,0.7083333333333334,0.04859504132231405,0.31000752445447705,0.0,670.6349206349206,0.8507462686567164,1.0,0.9230769230769231,0.7,0.42857142857142855,0.8421052631578947,0.96,0.869281045751634,0.7916666666666666,0.09862258953168045,0.22021812080536912,0.0,1036.7063492063494,0.945273631840796,1.0,0.9615384615384616,0.9,0.75,1.0,0.9866666666666667,0.9411764705882353,0.9583333333333334,0.1977961432506887,0.15738003183989083,0.0,1835.3174603174602,4
cusum_total,0.5720734819407861,0.9199999999999999,0.8949999999999999,0.8,0.373134328358209,0.6060606060606061,0.2692307692307692,0.05,0.0,0.21052631578947367,0.5733333333333334,0.40522875816993464,0.2708333333333333,0.0049586776859504135,0.8477157360406091,1.0,669.6428571428571,0.5024875621890548,0.7878787878787878,0.5,0.15,0.0,0.3157894736842105,0.7066666666666667,0.5424836601307189,0.375,0.00997245179063361,0.7715355805243446,1.0,585.813492063492,0.5621890547263682,0.8181818181818182,0.5384615384615384,0.15,0.03571428571428571,0.42105263157894735,0.8,0.6013071895424836,0.4375,0.020330578512396693,0.6654676258992805,1.0,619.5436507936508,0.6169154228855721,0.8787878787878788,0.5769230769230769,0.3,0.07142857142857142,0.631578947368421,0.8,0.6209150326797386,0.6041666666666666,0.03068870523415978,0.586940572267058,1.0,658.234126984127,0.6567164179104478,0.8787878787878788,0.5769230769230769,0.3,0.17857142857142858,0.7368421052631579,0.84,0.6601307189542484,0.6458333333333334,0.05140495867768595,0.48676391139924363,1.0,805.0595238095239,0.7661691542288557,0.9090909090909091,0.7307692307692307,0.45,0.25,0.8947368421052632,0.96,0.7712418300653595,0.75,0.1009366391184573,0.3527172031844929,0.0,1141.8650793650793,0.8507462686567164,0.9696969696969697,0.8461538461538461,0.65,0.4642857142857143,1.0,0.96,0.8496732026143791,0.8541666666666666,0.1996694214876033,0.23987667009249744,0.0,1946.4285714285713,4
ewma_total,0.4376207847185038,0.8699999999999999,0.835,0.752,0.48258706467661694,0.7878787878787878,0.4230769230769231,0.1,0.0,0.2631578947368421,0.7066666666666667,0.5228758169934641,0.3541666666666667,0.005013774104683196,0.7822966507177034,1.0,561.0119047619048,0.572139303482587,0.8484848484848485,0.5769230769230769,0.25,0.0,0.3684210526315789,0.8,0.6078431372549019,0.4583333333333333,0.010027548209366391,0.7003257328990228,1.0,516.8650793650794,0.6417910447761194,0.8787878787878788,0.5769230769230769,0.3,0.10714285714285714,0.631578947368421,0.8533333333333334,0.6535947712418301,0.6041666666666666,0.02022038567493113,0.586015538290788,0.0,539.186507936508,0.6865671641791045,0.8787878787878788,0.6153846153846154,0.35,0.17857142857142858,0.7368421052631579,0.8933333333333333,0.6993464052287581,0.6458333333333334,0.029586776859504133,0.5258620689655172,0.0,578.8690476190477,0.7512437810945274,0.9393939393939394,0.7307692307692307,0.4,0.25,0.7894736842105263,0.9466666666666667,0.7581699346405228,0.7291666666666666,0.04980716253443526,0.4229813664596273,0.0,696.4285714285714,0.8308457711442786,0.9696969696969697,0.7692307692307693,0.6,0.42857142857142855,0.9473684210526315,0.9733333333333334,0.8431372549019608,0.7916666666666666,0.09917355371900827,0.3060458129928652,0.0,1061.5079365079366,0.9054726368159204,1.0,0.8846153846153846,0.75,0.6071428571428571,1.0,1.0,0.9019607843137255,0.9166666666666666,0.19911845730027547,0.21337849280270957,0.0,1886.904761904762,4
bocpd_total,0.233409189083834,0.7100000000000001,0.645,0.438,0.4129353233830846,0.5454545454545454,0.38461538461538464,0.05,0.03571428571428571,0.42105263157894735,0.6,0.45751633986928103,0.2708333333333333,0.004903581267217631,0.6285714285714286,0.0,629.4642857142857,0.5074626865671642,0.7272727272727273,0.5,0.1,0.03571428571428571,0.47368421052631576,0.7066666666666667,0.5359477124183006,0.4166666666666667,0.009862258953168043,0.5133689839572193,0.0,579.8611111111112,0.5572139303482587,0.8181818181818182,0.5,0.15,0.07142857142857142,0.47368421052631576,0.7733333333333333,0.5816993464052288,0.4791666666666667,0.01955922865013774,0.39434276206322794,0.0,617.5595238095239,0.6019900497512438,0.8181818181818182,0.6153846153846154,0.2,0.07142857142857142,0.631578947368421,0.8,0.6078431372549019,0.5833333333333334,0.028980716253443527,0.32587064676616917,0.0,657.7380952380952,0.681592039800995,0.8787878787878788,0.6538461538461539,0.3,0.25,0.8421052631578947,0.8266666666666667,0.6862745098039216,0.6666666666666666,0.04997245179063361,0.2657728706624606,0.0,767.3611111111112,0.7761194029850746,0.9393939393939394,0.8461538461538461,0.45,0.39285714285714285,0.8947368421052632,0.88,0.7843137254901961,0.75,0.09922865013774104,0.19835782195332757,0.0,1116.5674603174602,0.8606965174129353,1.0,0.9230769230769231,0.7,0.5357142857142857,0.9473684210526315,0.92,0.8627450980392157,0.8541666666666666,0.1984022038567493,0.1468900619692449,0.0,1925.0992063492063,4
binseg_total,0.30294121984236433,0.6799999999999999,0.71,0.548,0.3582089552238806,0.42424242424242425,0.2692307692307692,0.05,0.0,0.3684210526315789,0.5733333333333334,0.40522875816993464,0.20833333333333334,0.005068870523415978,0.6606498194945848,0.0,685.515873015873,0.47761194029850745,0.7272727272727273,0.4230769230769231,0.1,0.0,0.47368421052631576,0.6666666666666666,0.5163398692810458,0.3541666666666667,0.010247933884297521,0.5688888888888889,0.0,613.0952380952382,0.5472636815920398,0.8181818181818182,0.5384615384615384,0.15,0.03571428571428571,0.631578947368421,0.7066666666666667,0.5555555555555556,0.5208333333333334,0.02,0.4715909090909091,0.0,631.4484126984127,0.572139303482587,0.8181818181818182,0.5769230769230769,0.15,0.03571428571428571,0.6842105263157895,0.7466666666666667,0.5816993464052288,0.5416666666666666,0.030358126721763086,0.4196519959058342,0.0,699.9007936507936,0.6616915422885572,0.8787878787878788,0.6538461538461539,0.25,0.25,0.7368421052631579,0.8133333333333334,0.6666666666666666,0.6458333333333334,0.05035812672176308,0.3548387096774194,0.0,790.6746031746031,0.736318407960199,0.8787878787878788,0.7307692307692307,0.5,0.2857142857142857,0.8421052631578947,0.88,0.7450980392156863,0.7083333333333334,0.10049586776859504,0.26042486231313927,0.0,1167.6587301587301,0.8407960199004975,0.9393939393939394,0.9230769230769231,0.6,0.4642857142857143,0.9473684210526315,0.9466666666666667,0.8496732026143791,0.8125,0.1996694214876033,0.1858792765308346,0.0,1956.3492063492063,4
stouffer,0.25644659474068104,0.8100000000000002,0.7849999999999999,0.542,0.5024875621890548,0.8181818181818182,0.34615384615384615,0.05,0.0,0.3684210526315789,0.76,0.5490196078431373,0.3541666666666667,0.005234159779614325,0.6689895470383276,0.0,543.1547619047618,0.527363184079602,0.8484848484848485,0.34615384615384615,0.05,0.0,0.3684210526315789,0.8133333333333334,0.5686274509803921,0.3958333333333333,0.010027548209366391,0.538083538083538,0.0,561.5079365079365,0.5920398009950248,0.8787878787878788,0.4230769230769231,0.15,0.10714285714285714,0.5263157894736842,0.84,0.6143790849673203,0.5208333333333334,0.019779614325068872,0.4233128834355828,0.0,584.8214285714286,0.6467661691542289,0.8787878787878788,0.5769230769230769,0.15,0.10714285714285714,0.7368421052631579,0.88,0.6535947712418301,0.625,0.029421487603305783,0.36291240045506257,0.0,617.063492063492,0.7412935323383084,0.9393939393939394,0.6538461538461539,0.4,0.2857142857142857,0.8421052631578947,0.92,0.738562091503268,0.75,0.049366391184573005,0.28798185941043086,0.0,702.3809523809523,0.8258706467661692,0.9696969696969697,0.8076923076923077,0.55,0.42857142857142855,0.8947368421052632,0.9733333333333334,0.8169934640522876,0.8541666666666666,0.09917355371900827,0.20733249051833122,0.0,1066.468253968254,0.8855721393034826,1.0,0.8846153846153846,0.6,0.6428571428571429,0.8947368421052632,1.0,0.8888888888888888,0.875,0.19801652892561983,0.1492776886035313,0.0,1896.8253968253966,4
stouffer_cusum,0.5475618415483409,0.89,0.9199999999999999,0.8540000000000001,0.4228855721393035,0.696969696969697,0.2692307692307692,0.05,0.0,0.15789473684210525,0.68,0.46405228758169936,0.2916666666666667,0.004628099173553719,0.8592964824120602,1.0,617.063492063492,0.4577114427860697,0.7575757575757576,0.2692307692307692,0.05,0.0,0.21052631578947367,0.7333333333333333,0.49673202614379086,0.3333333333333333,0.009586776859504133,0.7772087067861716,1.0,626.984126984127,0.4925373134328358,0.7575757575757576,0.3076923076923077,0.05,0.0,0.3684210526315789,0.7733333333333333,0.5424836601307189,0.3333333333333333,0.02071625344352617,0.647003745318352,1.0,692.4603174603175,0.5174129353233831,0.7575757575757576,0.34615384615384615,0.1,0.03571428571428571,0.42105263157894735,0.7866666666666666,0.5620915032679739,0.375,0.029256198347107437,0.5801407349491791,1.0,744.5436507936508,0.6069651741293532,0.8787878787878788,0.5,0.2,0.10714285714285714,0.5263157894736842,0.84,0.6274509803921569,0.5416666666666666,0.04980716253443526,0.4749279538904899,1.0,840.2777777777778,0.6716417910447762,0.9393939393939394,0.6538461538461539,0.35,0.14285714285714285,0.631578947368421,0.8533333333333334,0.6862745098039216,0.625,0.09873278236914601,0.34023991275899673,0.0,1216.2698412698412,0.8208955223880597,0.9696969696969697,0.6923076923076923,0.55,0.5,0.9473684210526315,0.96,0.8169934640522876,0.8333333333333334,0.19917355371900827,0.2311073895750471,0.0,1971.7261904761904,4
pelt_total,0.2489888665956341,0.67,0.675,0.512,0.4228855721393035,0.5151515151515151,0.4230769230769231,0.1,0.0,0.42105263157894735,0.6266666666666667,0.46405228758169936,0.2916666666666667,0.006391184573002755,0.6468842729970327,0.0,632.936507936508,0.5472636815920398,0.7878787878787878,0.5384615384615384,0.15,0.03571428571428571,0.631578947368421,0.72,0.5555555555555556,0.5208333333333334,0.018236914600550963,0.48006134969325154,0.0,615.5753968253969,0.6218905472636815,0.8484848484848485,0.5769230769230769,0.25,0.14285714285714285,0.6842105263157895,0.8,0.6274509803921569,0.6041666666666666,0.0446831955922865,0.3422924901185771,0.0,779.265873015873,0.6218905472636815,0.8484848484848485,0.5769230769230769,0.25,0.14285714285714285,0.6842105263157895,0.8,0.6274509803921569,0.6041666666666666,0.0446831955922865,0.3422924901185771,0.0,779.265873015873,0.7114427860696517,0.9090909090909091,0.6923076923076923,0.35,0.21428571428571427,0.8421052631578947,0.88,0.7254901960784313,0.6666666666666666,0.07961432506887052,0.25898203592814373,0.0,1004.4642857142858,0.7761194029850746,0.9393939393939394,0.8076923076923077,0.45,0.35714285714285715,0.9473684210526315,0.8933333333333333,0.7777777777777778,0.7708333333333334,0.12484848484848485,0.21066846725185687,0.0,1347.2222222222224,0.8706467661691543,0.9696969696969697,0.8461538461538461,0.75,0.5714285714285714,0.9473684210526315,0.96,0.8627450980392157,0.8958333333333334,0.25950413223140495,0.14676966292134833,0.0,2465.277777777778,4
spatial_stouffer,0.21531856462602908,0.7500000000000001,0.655,0.44800000000000006,0.4577114427860697,0.696969696969697,0.2692307692307692,0.2,0.0,0.3157894736842105,0.6933333333333334,0.5555555555555556,0.14583333333333334,0.00534435261707989,0.6367041198501873,0.0,588.7896825396825,0.48756218905472637,0.7272727272727273,0.34615384615384615,0.2,0.0,0.3157894736842105,0.7333333333333333,0.5882352941176471,0.16666666666666666,0.009035812672176308,0.5431754874651811,0.0,592.2619047619048,0.5223880597014925,0.7878787878787878,0.38461538461538464,0.2,0.0,0.3684210526315789,0.7733333333333333,0.6143790849673203,0.22916666666666666,0.018071625344352617,0.4029038112522686,0.0,638.8888888888888,0.5472636815920398,0.8181818181818182,0.46153846153846156,0.2,0.03571428571428571,0.3684210526315789,0.7866666666666666,0.6405228758169934,0.25,0.027878787878787878,0.31462140992167104,0.0,702.3809523809523,0.6019900497512438,0.8181818181818182,0.5384615384615384,0.25,0.10714285714285714,0.47368421052631576,0.84,0.7058823529411765,0.2708333333333333,0.048264462809917356,0.24089403973509935,0.0,831.3492063492064,0.7412935323383084,0.9393939393939394,0.5769230769230769,0.35,0.6071428571428571,0.631578947368421,0.8933333333333333,0.8235294117647058,0.4791666666666667,0.09944903581267217,0.18013245033112582,0.0,1153.2738095238096,0.8507462686567164,0.9696969696969697,0.7692307692307693,0.45,0.75,0.8421052631578947,0.9733333333333334,0.9019607843137255,0.6875,0.19377410468319559,0.13989018858916208,0.0,1893.3531746031747,4
stouffer_or_spatial,0.2620174374424599,0.8100000000000002,0.7849999999999999,0.556,0.4975124378109453,0.8181818181818182,0.34615384615384615,0.05,0.0,0.3157894736842105,0.76,0.5424836601307189,0.3541666666666667,0.005289256198347108,0.6678200692041523,0.0,548.6111111111112,0.5323383084577115,0.8787878787878788,0.34615384615384615,0.05,0.0,0.3684210526315789,0.8133333333333334,0.5751633986928104,0.3958333333333333,0.010137741046831955,0.5388349514563107,0.0,557.5396825396825,0.6069651741293532,0.9090909090909091,0.4230769230769231,0.2,0.10714285714285714,0.5789473684210527,0.84,0.6339869281045751,0.5208333333333334,0.01994490358126722,0.42749244712990936,0.0,571.4285714285714,0.6865671641791045,0.9090909090909091,0.5769230769230769,0.25,0.10714285714285714,0.7894736842105263,0.9333333333333333,0.7058823529411765,0.625,0.029641873278236915,0.3691275167785235,0.0,579.3650793650794,0.7711442786069652,0.9393939393939394,0.6538461538461539,0.5,0.2857142857142857,0.8947368421052632,0.96,0.7777777777777778,0.75,0.05057851239669422,0.2911764705882353,0.0,683.531746031746,0.8507462686567164,0.9696969696969697,0.8461538461538461,0.65,0.42857142857142855,0.8947368421052632,1.0,0.8496732026143791,0.8541666666666666,0.1006060606060606,0.20904189133139775,0.0,1054.563492063492,0.9104477611940298,1.0,0.9615384615384616,0.7,0.6428571428571429,0.9473684210526315,1.0,0.9215686274509803,0.875,0.19983471074380166,0.15147392290249434,0.0,1888.392857142857,4
