idx,territory_id,seed,size,shape,cluster,is_seed,onset_idx,repeat,onset
1010,1463,1463,-0.2,ramp,False,True,20,0,20
1969,2592,2592,-0.2,step,False,True,20,0,20
448,694,694,0.1,step,True,True,20,0,20
431,671,694,0.1,step,True,False,20,0,20
433,675,694,0.1,step,True,False,20,0,20
1627,2217,2217,-0.05,step,False,True,20,0,20
1581,2168,2168,0.1,step,False,True,18,0,18
1054,1528,1528,-0.1,step,False,True,14,0,14
1077,1553,1553,-0.2,ramp,False,True,18,0,18
1014,1468,1468,0.1,ramp,False,True,20,0,20
909,1308,1308,0.05,step,False,True,20,0,20
810,1198,1198,0.1,step,False,True,18,0,18
146,279,279,-0.1,ramp,True,True,16,0,16
220,365,279,-0.1,ramp,True,False,16,0,16
379,563,563,0.1,step,True,True,16,0,16
359,542,563,0.1,step,True,False,16,0,16
348,531,563,0.1,step,True,False,16,0,16
939,1340,1340,-0.1,step,False,True,14,0,14
1439,2000,2000,-0.05,ramp,False,True,14,0,14
1570,2156,2156,0.1,step,False,True,14,0,14
1224,1704,1704,0.2,step,True,True,14,0,14
1198,1675,1704,0.2,step,True,False,14,0,14
1191,1668,1704,0.2,step,True,False,14,0,14
285,444,444,0.2,step,True,True,16,0,16
263,419,444,0.2,step,True,False,16,0,16
271,429,444,0.2,step,True,False,16,0,16
287,446,444,0.2,step,True,False,16,0,16
1656,2250,2250,0.2,step,False,True,18,0,18
1079,1555,1555,0.2,ramp,True,True,14,0,14
1062,1537,1555,0.2,ramp,True,False,14,0,14
1072,1548,1555,0.2,ramp,True,False,14,0,14
1059,1534,1555,0.2,ramp,True,False,14,0,14
2010,3005,1555,0.2,ramp,True,False,14,0,14
48,50,50,-0.1,step,True,True,14,0,14
68,71,50,-0.1,step,True,False,14,0,14
59,61,50,-0.1,step,True,False,14,0,14
946,1348,1348,-0.2,step,False,True,14,0,14
338,520,520,0.05,step,False,True,18,0,18
1644,2234,2234,0.1,step,False,True,18,0,18
250,397,397,0.1,ramp,False,True,20,0,20
1731,2338,2338,-0.2,step,True,True,14,0,14
1732,2339,2338,-0.2,step,True,False,14,0,14
1457,2023,2023,-0.2,step,False,True,16,0,16
766,1149,1149,0.2,step,False,True,16,0,16
1693,2296,2296,0.1,step,True,True,14,0,14
1683,2281,2296,0.1,step,True,False,14,0,14
1364,1921,1921,-0.1,ramp,True,True,14,0,14
1361,1918,1921,-0.1,ramp,True,False,14,0,14
1264,1754,1921,-0.1,ramp,True,False,14,0,14
425,621,621,0.1,ramp,False,True,14,0,14
991,1429,1429,0.2,step,True,True,18,0,18
1306,1857,1429,0.2,step,True,False,18,0,18
986,1423,1429,0.2,step,True,False,18,0,18
1516,2089,1429,0.2,step,True,False,18,0,18
980,1416,1429,0.2,step,True,False,18,0,18
783,1168,1168,0.2,ramp,False,True,14,0,14
1190,1667,1667,0.05,ramp,True,True,14,0,14
1205,1683,1667,0.05,ramp,True,False,14,0,14
1327,1880,1667,0.05,ramp,True,False,14,0,14
1348,1902,1667,0.05,ramp,True,False,14,0,14
1203,1681,1667,0.05,ramp,True,False,14,0,14
1222,1702,1667,0.05,ramp,True,False,14,0,14
691,1033,1033,0.05,step,True,True,20,0,20
683,1025,1033,0.05,step,True,False,20,0,20
166,302,302,0.05,step,True,True,20,0,20
165,301,302,0.05,step,True,False,20,0,20
161,296,302,0.05,step,True,False,20,0,20
172,308,302,0.05,step,True,False,20,0,20
167,303,302,0.05,step,True,False,20,0,20
1428,1988,1988,-0.05,ramp,True,True,18,0,18
1433,1993,1988,-0.05,ramp,True,False,18,0,18
1429,1989,1988,-0.05,ramp,True,False,18,0,18
1448,2010,1988,-0.05,ramp,True,False,18,0,18
1447,2009,1988,-0.05,ramp,True,False,18,0,18
1195,1672,1672,0.1,ramp,False,True,18,0,18
699,1041,1041,-0.2,step,False,True,16,0,16
722,1069,1069,-0.1,step,False,True,18,0,18
1244,1730,1730,-0.2,ramp,False,True,18,0,18
1655,2249,2249,0.2,step,False,True,16,0,16
607,883,883,0.05,ramp,False,True,18,0,18
1288,1782,1782,-0.05,ramp,False,True,20,0,20
608,884,884,0.1,ramp,False,True,16,0,16
1650,2242,2242,0.05,ramp,False,True,16,0,16
1073,1549,1549,0.05,step,True,True,16,0,16
1053,1527,1549,0.05,step,True,False,16,0,16
654,993,1549,0.05,step,True,False,16,0,16
1063,1539,1549,0.05,step,True,False,16,0,16
1437,1997,1997,0.05,ramp,True,True,16,0,16
1436,1996,1997,0.05,ramp,True,False,16,0,16
1434,1994,1997,0.05,ramp,True,False,16,0,16
1441,2002,1997,0.05,ramp,True,False,16,0,16
1430,1990,1997,0.05,ramp,True,False,16,0,16
1145,1622,1622,-0.2,step,False,True,18,0,18
567,830,830,-0.1,ramp,True,True,18,0,18
572,835,830,-0.1,ramp,True,False,18,0,18
562,825,830,-0.1,ramp,True,False,18,0,18
1242,1727,1727,-0.1,step,True,True,20,0,20
1231,1711,1727,-0.1,step,True,False,20,0,20
1243,1728,1727,-0.1,step,True,False,20,0,20
1238,1722,1727,-0.1,step,True,False,20,0,20
1239,1724,1727,-0.1,step,True,False,20,0,20
1234,1715,1727,-0.1,step,True,False,20,0,20
1755,2365,2365,-0.1,step,False,True,16,0,16
728,1109,1109,-0.1,step,False,True,20,0,20
1254,1743,1743,-0.1,ramp,True,True,20,0,20
1252,1741,1743,-0.1,ramp,True,False,20,0,20
1248,1737,1743,-0.1,ramp,True,False,20,0,20
1274,1765,1765,-0.1,ramp,True,True,16,0,16
1283,1776,1765,-0.1,ramp,True,False,16,0,16
599,875,875,-0.05,step,False,True,14,0,14
858,1253,1253,-0.1,ramp,False,True,18,0,18
1124,1601,1601,-0.2,step,False,True,16,0,16
1894,2517,2517,-0.05,ramp,False,True,18,0,18
1676,2272,2272,-0.1,step,True,True,16,0,16
1657,2251,2272,-0.1,step,True,False,16,0,16
1659,2253,2272,-0.1,step,True,False,16,0,16
1677,2274,2272,-0.1,step,True,False,16,0,16
1825,2447,2447,0.1,step,True,True,16,0,16
1816,2437,2447,0.1,step,True,False,16,0,16
1826,2449,2447,0.1,step,True,False,16,0,16
1805,2426,2447,0.1,step,True,False,16,0,16
1806,2427,2447,0.1,step,True,False,16,0,16
1782,2392,2447,0.1,step,True,False,16,0,16
361,544,544,-0.1,step,False,True,16,0,16
1419,1979,1979,-0.05,ramp,True,True,20,0,20
1420,1980,1979,-0.05,ramp,True,False,20,0,20
1411,1971,1979,-0.05,ramp,True,False,20,0,20
1417,1977,1979,-0.05,ramp,True,False,20,0,20
1465,2033,1979,-0.05,ramp,True,False,20,0,20
1442,2004,1979,-0.05,ramp,True,False,20,0,20
1520,2094,2094,-0.1,step,True,True,16,0,16
1511,2081,2094,-0.1,step,True,False,16,0,16
1503,2073,2094,-0.1,step,True,False,16,0,16
1519,2093,2094,-0.1,step,True,False,16,0,16
2012,3009,2094,-0.1,step,True,False,16,0,16
1328,1881,1881,-0.2,ramp,True,True,16,0,16
1352,1906,1881,-0.2,ramp,True,False,16,0,16
1325,1878,1881,-0.2,ramp,True,False,16,0,16
1356,1910,1881,-0.2,ramp,True,False,16,0,16
1668,2264,1881,-0.2,ramp,True,False,16,0,16
47,49,49,0.2,step,False,True,18,0,18
298,458,458,0.1,step,False,True,16,0,16
483,738,738,-0.2,ramp,False,True,18,0,18
1080,1556,1556,0.2,step,False,True,20,0,20
997,1443,1443,0.05,ramp,True,True,16,0,16
1924,2547,1443,0.05,ramp,True,False,16,0,16
1007,1457,1443,0.05,ramp,True,False,16,0,16
1012,1465,1443,0.05,ramp,True,False,16,0,16
1952,2575,1443,0.05,ramp,True,False,16,0,16
1927,2550,1443,0.05,ramp,True,False,16,0,16
1003,1449,1449,-0.05,ramp,True,True,14,0,14
1020,1478,1449,-0.05,ramp,True,False,14,0,14
1995,2808,1449,-0.05,ramp,True,False,14,0,14
1310,1861,1449,-0.05,ramp,True,False,14,0,14
1005,1454,1449,-0.05,ramp,True,False,14,0,14
1150,1627,1627,-0.05,step,False,True,16,0,16
1771,2381,2381,-0.05,ramp,False,True,18,0,18
934,1335,1335,0.2,step,False,True,18,0,18
1796,2409,2409,-0.1,step,False,True,20,0,20
1870,2493,2493,0.1,ramp,True,True,14,0,14
1869,2492,2493,0.1,ramp,True,False,14,0,14
1868,2491,2493,0.1,ramp,True,False,14,0,14
1963,2586,2493,0.1,ramp,True,False,14,0,14
1915,2538,2493,0.1,ramp,True,False,14,0,14
1881,2504,2493,0.1,ramp,True,False,14,0,14
1890,2513,2513,0.2,step,True,True,16,0,16
1900,2523,2513,0.2,step,True,False,16,0,16
1888,2511,2513,0.2,step,True,False,16,0,16
1892,2515,2513,0.2,step,True,False,16,0,16
1902,2525,2513,0.2,step,True,False,16,0,16
1897,2520,2513,0.2,step,True,False,16,0,16
1549,2132,2132,0.1,ramp,True,True,18,0,18
1548,2131,2132,0.1,ramp,True,False,18,0,18
1485,2054,2054,0.2,ramp,True,True,18,0,18
1491,2060,2054,0.2,ramp,True,False,18,0,18
1500,2069,2054,0.2,ramp,True,False,18,0,18
28,30,30,-0.1,step,False,True,14,0,14
175,314,314,-0.1,ramp,False,True,20,0,20
935,1336,1336,-0.2,ramp,True,True,14,0,14
932,1333,1336,-0.2,ramp,True,False,14,0,14
793,1179,1179,0.1,ramp,False,True,14,0,14
1347,1901,1901,0.2,step,True,True,20,0,20
1344,1898,1901,0.2,step,True,False,20,0,20
1333,1887,1901,0.2,step,True,False,20,0,20
80,83,83,0.2,step,False,True,18,0,18
70,73,73,-0.05,step,False,True,20,0,20
662,1003,1003,-0.1,ramp,True,True,16,0,16
648,986,1003,-0.1,ramp,True,False,16,0,16
660,1001,1003,-0.1,ramp,True,False,16,0,16
495,752,752,0.2,step,False,True,18,0,18
343,525,525,-0.1,ramp,True,True,20,0,20
328,508,525,-0.1,ramp,True,False,20,0,20
1678,2275,2275,0.1,ramp,True,True,20,0,20
1681,2279,2275,0.1,ramp,True,False,20,0,20
1708,2312,2275,0.1,ramp,True,False,20,0,20
1701,2304,2275,0.1,ramp,True,False,20,0,20
1700,2303,2275,0.1,ramp,True,False,20,0,20
1695,2298,2275,0.1,ramp,True,False,20,0,20
1991,2649,2649,-0.1,ramp,False,True,18,0,18
454,701,701,0.2,step,False,True,14,0,14
180,320,320,-0.1,ramp,False,True,20,0,20
1145,1622,1622,-0.2,ramp,False,True,14,1,14
1545,2128,2128,0.1,ramp,True,True,14,1,14
1527,2108,2128,0.1,ramp,True,False,14,1,14
1525,2101,2128,0.1,ramp,True,False,14,1,14
1537,2119,2128,0.1,ramp,True,False,14,1,14
1551,2134,2128,0.1,ramp,True,False,14,1,14
1844,2467,2467,0.05,ramp,False,True,20,1,20
1309,1860,1860,-0.05,ramp,True,True,20,1,20
1320,1873,1860,-0.05,ramp,True,False,20,1,20
1318,1871,1860,-0.05,ramp,True,False,20,1,20
1319,1872,1860,-0.05,ramp,True,False,20,1,20
1313,1864,1860,-0.05,ramp,True,False,20,1,20
328,508,508,-0.05,ramp,True,True,14,1,14
343,525,508,-0.05,ramp,True,False,14,1,14
354,537,508,-0.05,ramp,True,False,14,1,14
1606,2194,2194,0.2,step,False,True,18,1,18
1170,1647,1647,0.1,step,True,True,14,1,14
1165,1642,1647,0.1,step,True,False,14,1,14
660,1001,1001,0.2,ramp,False,True,18,1,18
1611,2199,2199,0.05,ramp,False,True,20,1,20
1707,2311,2311,-0.05,step,True,True,14,1,14
59,61,2311,-0.05,step,True,False,14,1,14
2013,3011,2311,-0.05,step,True,False,14,1,14
783,1168,1168,0.05,step,False,True,14,1,14
429,669,669,0.05,step,False,True,14,1,14
1688,2289,2289,-0.1,step,True,True,14,1,14
1709,2314,2289,-0.1,step,True,False,14,1,14
1706,2310,2289,-0.1,step,True,False,14,1,14
1694,2297,2289,-0.1,step,True,False,14,1,14
1685,2286,2289,-0.1,step,True,False,14,1,14
1591,2179,2179,-0.05,ramp,False,True,14,1,14
619,898,898,-0.2,step,False,True,16,1,16
1148,1625,1625,-0.2,step,False,True,20,1,20
1365,1922,1922,-0.2,ramp,True,True,14,1,14
1357,1912,1922,-0.2,ramp,True,False,14,1,14
1362,1919,1922,-0.2,ramp,True,False,14,1,14
1063,1539,1539,0.2,step,False,True,18,1,18
1356,1910,1910,0.1,step,True,True,14,1,14
1328,1881,1910,0.1,step,True,False,14,1,14
1352,1906,1910,0.1,step,True,False,14,1,14
1325,1878,1910,0.1,step,True,False,14,1,14
201,343,343,-0.1,step,False,True,18,1,18
637,918,918,0.1,ramp,True,True,18,1,18
645,928,918,0.1,ramp,True,False,18,1,18
641,924,918,0.1,ramp,True,False,18,1,18
642,925,918,0.1,ramp,True,False,18,1,18
640,923,918,0.1,ramp,True,False,18,1,18
644,927,918,0.1,ramp,True,False,18,1,18
1621,2210,2210,-0.1,step,False,True,16,1,16
965,1401,1401,0.1,ramp,False,True,16,1,16
464,713,713,0.2,step,False,True,20,1,20
1305,1856,1856,-0.2,step,True,True,20,1,20
1299,1850,1856,-0.2,step,True,False,20,1,20
1020,1478,1856,-0.2,step,True,False,20,1,20
497,754,754,-0.2,step,True,True,16,1,16
480,735,754,-0.2,step,True,False,16,1,16
486,742,754,-0.2,step,True,False,16,1,16
446,692,692,-0.2,step,True,True,20,1,20
470,719,692,-0.2,step,True,False,20,1,20
1800,2416,2416,0.2,step,False,True,20,1,20
600,876,876,-0.1,ramp,True,True,14,1,14
596,872,876,-0.1,ramp,True,False,14,1,14
1215,1694,1694,0.1,ramp,True,True,18,1,18
1219,1699,1694,0.1,ramp,True,False,18,1,18
1225,1705,1694,0.1,ramp,True,False,18,1,18
300,460,460,-0.2,ramp,False,True,16,1,16
1613,2201,2201,-0.1,step,False,True,18,1,18
1475,2044,2044,-0.2,step,True,True,16,1,16
1494,2063,2044,-0.2,step,True,False,16,1,16
1486,2055,2044,-0.2,step,True,False,16,1,16
1487,2056,2044,-0.2,step,True,False,16,1,16
1490,2059,2044,-0.2,step,True,False,16,1,16
1488,2057,2044,-0.2,step,True,False,16,1,16
1942,2565,2565,0.05,ramp,True,True,18,1,18
1962,2585,2565,0.05,ramp,True,False,18,1,18
1945,2568,2565,0.05,ramp,True,False,18,1,18
1961,2584,2565,0.05,ramp,True,False,18,1,18
1948,2571,2565,0.05,ramp,True,False,18,1,18
1946,2569,2565,0.05,ramp,True,False,18,1,18
1381,1938,1938,0.2,step,False,True,18,1,18
779,1164,1164,-0.2,ramp,True,True,16,1,16
759,1141,1164,-0.2,ramp,True,False,16,1,16
423,618,618,-0.2,step,False,True,18,1,18
380,564,564,-0.1,step,False,True,14,1,14
1259,1749,1749,0.1,ramp,False,True,14,1,14
8,9,9,-0.05,ramp,True,True,14,1,14
2,3,9,-0.05,ramp,True,False,14,1,14
3,4,9,-0.05,ramp,True,False,14,1,14
0,1,9,-0.05,ramp,True,False,14,1,14
430,670,670,-0.1,ramp,False,True,18,1,18
958,1394,1394,0.1,ramp,False,True,14,1,14
1562,2148,2148,-0.2,step,True,True,14,1,14
1561,2146,2148,-0.2,step,True,False,14,1,14
1433,1993,1993,-0.1,step,True,True,20,1,20
1428,1988,1993,-0.1,step,True,False,20,1,20
1429,1989,1993,-0.1,step,True,False,20,1,20
1448,2010,1993,-0.1,step,True,False,20,1,20
1447,2009,1993,-0.1,step,True,False,20,1,20
1009,1461,1461,-0.1,ramp,False,True,16,1,16
218,363,363,0.05,step,False,True,18,1,18
1274,1765,1765,-0.1,step,False,True,16,1,16
734,1116,1116,-0.2,step,True,True,16,1,16
728,1109,1116,-0.2,step,True,False,16,1,16
737,1119,1116,-0.2,step,True,False,16,1,16
923,1323,1116,-0.2,step,True,False,16,1,16
727,1108,1116,-0.2,step,True,False,16,1,16
732,1113,1116,-0.2,step,True,False,16,1,16
1795,2408,2408,-0.05,step,True,True,16,1,16
1793,2406,2408,-0.05,step,True,False,16,1,16
1794,2407,2408,-0.05,step,True,False,16,1,16
1776,2386,2408,-0.05,step,True,False,16,1,16
1792,2405,2408,-0.05,step,True,False,16,1,16
1777,2387,2408,-0.05,step,True,False,16,1,16
1024,1484,1484,-0.1,ramp,False,True,14,1,14
975,1411,1411,-0.05,step,False,True,20,1,20
1727,2334,2334,0.2,ramp,False,True,14,1,14
204,347,347,-0.2,ramp,True,True,14,1,14
205,348,347,-0.2,ramp,True,False,14,1,14
203,346,347,-0.2,ramp,True,False,14,1,14
206,349,347,-0.2,ramp,True,False,14,1,14
208,352,347,-0.2,ramp,True,False,14,1,14
202,345,347,-0.2,ramp,True,False,14,1,14
1480,2049,2049,0.1,step,True,True,14,1,14
1484,2053,2049,0.1,step,True,False,14,1,14
1482,2051,2049,0.1,step,True,False,14,1,14
1628,2218,2218,0.1,ramp,False,True,16,1,16
1523,2098,2098,0.2,step,False,True,18,1,18
608,884,884,-0.05,ramp,False,True,16,1,16
1782,2392,2392,-0.2,ramp,True,True,16,1,16
1784,2395,2392,-0.2,ramp,True,False,16,1,16
1783,2393,2392,-0.2,ramp,True,False,16,1,16
1810,2431,2392,-0.2,ramp,True,False,16,1,16
1825,2447,2392,-0.2,ramp,True,False,16,1,16
1809,2430,2392,-0.2,ramp,True,False,16,1,16
336,518,518,-0.2,ramp,True,True,18,1,18
366,549,518,-0.2,ramp,True,False,18,1,18
1633,2223,2223,0.2,ramp,False,True,16,1,16
1630,2220,2220,-0.2,step,False,True,20,1,20
530,792,792,-0.2,step,False,True,20,1,20
245,391,391,0.05,step,True,True,16,1,16
229,374,391,0.05,step,True,False,16,1,16
217,362,391,0.05,step,True,False,16,1,16
239,384,391,0.05,step,True,False,16,1,16
1341,1895,1895,-0.1,step,False,True,18,1,18
1578,2164,2164,-0.1,ramp,False,True,20,1,20
1711,2316,2316,-0.05,ramp,True,True,14,1,14
1687,2288,2316,-0.05,ramp,True,False,14,1,14
1684,2282,2316,-0.05,ramp,True,False,14,1,14
1605,2193,2193,0.05,ramp,False,True,18,1,18
1188,1665,1665,0.1,ramp,False,True,20,1,20
308,486,486,0.05,ramp,True,True,20,1,20
309,487,486,0.05,ramp,True,False,20,1,20
306,484,486,0.05,ramp,True,False,20,1,20
312,491,486,0.05,ramp,True,False,20,1,20
303,480,486,0.05,ramp,True,False,20,1,20
305,482,486,0.05,ramp,True,False,20,1,20
112,220,220,-0.05,step,False,True,14,1,14
1861,2484,2484,0.2,step,False,True,18,1,18
416,607,607,-0.05,ramp,False,True,20,1,20
1329,1883,1883,0.1,step,True,True,20,1,20
1324,1877,1883,0.1,step,True,False,20,1,20
1331,1885,1883,0.1,step,True,False,20,1,20
1344,1898,1883,0.1,step,True,False,20,1,20
1321,1874,1883,0.1,step,True,False,20,1,20
1336,1890,1883,0.1,step,True,False,20,1,20
494,751,751,0.1,ramp,True,True,14,1,14
492,748,751,0.1,ramp,True,False,14,1,14
499,756,751,0.1,ramp,True,False,14,1,14
488,744,751,0.1,ramp,True,False,14,1,14
498,755,751,0.1,ramp,True,False,14,1,14
1906,2529,2529,-0.2,step,False,True,20,1,20
1514,2087,2087,-0.1,step,False,True,20,1,20
95,203,203,-0.1,step,False,True,20,1,20
1714,2320,2320,0.1,step,False,True,14,1,14
566,829,829,-0.05,step,False,True,14,1,14
383,567,567,-0.05,step,True,True,18,1,18
382,566,567,-0.05,step,True,False,18,1,18
2011,3007,3007,0.05,step,False,True,14,1,14
1897,2520,2520,-0.2,step,True,True,16,1,16
1888,2511,2520,-0.2,step,True,False,16,1,16
1902,2525,2520,-0.2,step,True,False,16,1,16
1873,2496,2520,-0.2,step,True,False,16,1,16
1894,2517,2520,-0.2,step,True,False,16,1,16
1889,2512,2520,-0.2,step,True,False,16,1,16
1750,2360,2360,0.1,step,False,True,18,1,18
1847,2470,2470,0.2,ramp,True,True,20,1,20
1840,2463,2470,0.2,ramp,True,False,20,1,20
1850,2473,2470,0.2,ramp,True,False,20,1,20
1932,2555,2470,0.2,ramp,True,False,20,1,20
1848,2471,2470,0.2,ramp,True,False,20,1,20
1538,2120,2120,-0.2,step,True,True,20,1,20
1539,2121,2120,-0.2,step,True,False,20,1,20
1729,2336,2120,-0.2,step,True,False,20,1,20
1985,2620,2620,0.05,step,False,True,20,1,20
1549,2132,2132,-0.1,step,False,True,14,1,14
71,74,74,0.2,step,True,True,16,1,16
493,749,74,0.2,step,True,False,16,1,16
35,37,74,0.2,step,True,False,16,1,16
1241,1726,1726,0.1,step,True,True,16,1,16
1227,1707,1726,0.1,step,True,False,16,1,16
1245,1731,1726,0.1,step,True,False,16,1,16
1260,1750,1750,-0.05,step,False,True,18,2,18
1793,2406,2406,-0.2,ramp,True,True,20,2,20
1795,2408,2406,-0.2,ramp,True,False,20,2,20
1792,2405,2406,-0.2,ramp,True,False,20,2,20
1794,2407,2406,-0.2,ramp,True,False,20,2,20
1791,2404,2406,-0.2,ramp,True,False,20,2,20
1776,2386,2406,-0.2,ramp,True,False,20,2,20
742,1124,1124,-0.05,ramp,False,True,16,2,16
818,1208,1208,0.1,step,True,True,16,2,16
823,1213,1208,0.1,step,True,False,16,2,16
1207,1686,1686,-0.1,step,False,True,16,2,16
16,17,17,0.2,step,False,True,16,2,16
361,544,544,-0.05,ramp,False,True,20,2,20
51,53,53,0.2,step,True,True,18,2,18
1225,1705,53,0.2,step,True,False,18,2,18
472,721,721,-0.1,step,False,True,14,2,14
1108,1585,1585,0.05,step,True,True,20,2,20
1100,1577,1585,0.05,step,True,False,20,2,20
1362,1919,1919,0.1,step,True,True,20,2,20
1365,1922,1919,0.1,step,True,False,20,2,20
1357,1912,1919,0.1,step,True,False,20,2,20
458,705,705,-0.05,ramp,True,True,16,2,16
454,701,705,-0.05,ramp,True,False,16,2,16
1406,1966,1966,0.05,step,False,True,16,2,16
1306,1857,1857,-0.1,step,True,True,20,2,20
1311,1862,1857,-0.1,step,True,False,20,2,20
991,1429,1857,-0.1,step,True,False,20,2,20
1516,2089,1857,-0.1,step,True,False,20,2,20
1317,1870,1857,-0.1,step,True,False,20,2,20
1303,1854,1857,-0.1,step,True,False,20,2,20
76,79,79,-0.1,ramp,False,True,16,2,16
90,194,194,0.2,step,True,True,14,2,14
96,204,194,0.2,step,True,False,14,2,14
92,196,194,0.2,step,True,False,14,2,14
97,205,194,0.2,step,True,False,14,2,14
91,195,194,0.2,step,True,False,14,2,14
557,820,194,0.2,step,True,False,14,2,14
193,335,335,-0.05,ramp,False,True,14,2,14
1916,2539,2539,0.05,step,False,True,16,2,16
1583,2171,2171,0.1,step,True,True,20,2,20
1594,2182,2171,0.1,step,True,False,20,2,20
1595,2183,2171,0.1,step,True,False,20,2,20
1596,2184,2171,0.1,step,True,False,20,2,20
1112,1589,1589,0.05,ramp,False,True,16,2,16
1802,2423,2423,-0.1,step,True,True,14,2,14
1745,2355,2423,-0.1,step,True,False,14,2,14
1744,2354,2423,-0.1,step,True,False,14,2,14
1829,2452,2423,-0.1,step,True,False,14,2,14
1804,2425,2423,-0.1,step,True,False,14,2,14
1742,2352,2423,-0.1,step,True,False,14,2,14
734,1116,1116,0.05,step,False,True,16,2,16
874,1271,1271,-0.2,step,False,True,18,2,18
1321,1874,1874,-0.1,step,False,True,18,2,18
720,1067,1067,-0.1,step,False,True,16,2,16
1809,2430,2430,-0.2,ramp,True,True,14,2,14
1808,2429,2430,-0.2,ramp,True,False,14,2,14
1831,2454,2430,-0.2,ramp,True,False,14,2,14
1810,2431,2430,-0.2,ramp,True,False,14,2,14
1811,2432,2430,-0.2,ramp,True,False,14,2,14
1828,2451,2430,-0.2,ramp,True,False,14,2,14
1779,2389,2389,-0.05,ramp,True,True,16,2,16
1746,2356,2389,-0.05,ramp,True,False,16,2,16
1778,2388,2389,-0.05,ramp,True,False,16,2,16
1741,2351,2389,-0.05,ramp,True,False,16,2,16
1780,2390,2389,-0.05,ramp,True,False,16,2,16
530,792,792,-0.1,step,False,True,14,2,14
959,1395,1395,0.05,ramp,True,True,16,2,16
1789,2402,1395,0.05,ramp,True,False,16,2,16
1785,2398,1395,0.05,ramp,True,False,16,2,16
1788,2401,1395,0.05,ramp,True,False,16,2,16
1772,2382,1395,0.05,ramp,True,False,16,2,16
1786,2399,1395,0.05,ramp,True,False,16,2,16
561,824,824,0.2,ramp,False,True,14,2,14
1507,2077,2077,-0.2,step,False,True,14,2,14
646,929,929,-0.05,step,False,True,18,2,18
806,1194,1194,0.05,ramp,False,True,16,2,16
1759,2369,2369,-0.2,step,False,True,18,2,18
1272,1762,1762,-0.05,ramp,True,True,20,2,20
1524,2100,1762,-0.05,ramp,True,False,20,2,20
1249,1738,1762,-0.05,ramp,True,False,20,2,20
1250,1739,1762,-0.05,ramp,True,False,20,2,20
1502,2072,1762,-0.05,ramp,True,False,20,2,20
648,986,986,0.05,ramp,False,True,16,2,16
1122,1599,1599,-0.2,ramp,False,True,18,2,18
574,838,838,-0.1,step,True,True,18,2,18
571,834,838,-0.1,step,True,False,18,2,18
566,829,829,0.05,step,False,True,14,2,14
1752,2362,2362,-0.05,ramp,True,True,14,2,14
1753,2363,2362,-0.05,ramp,True,False,14,2,14
1800,2416,2362,-0.05,ramp,True,False,14,2,14
1757,2367,2362,-0.05,ramp,True,False,14,2,14
1758,2368,2362,-0.05,ramp,True,False,14,2,14
1172,1649,1649,-0.05,step,False,True,20,2,20
780,1165,1165,-0.1,ramp,False,True,16,2,16
1336,1890,1890,0.2,ramp,False,True,14,2,14
74,77,77,0.05,ramp,False,True,20,2,20
1566,2152,2152,0.1,ramp,False,True,16,2,16
1495,2064,2064,-0.2,step,True,True,16,2,16
1489,2058,2064,-0.2,step,True,False,16,2,16
1536,2118,2064,-0.2,step,True,False,16,2,16
1069,1545,1545,0.1,step,True,True,20,2,20
1082,1558,1545,0.1,step,True,False,20,2,20
993,1431,1431,0.2,step,True,True,14,2,14
992,1430,1431,0.2,step,True,False,14,2,14
15,16,16,-0.05,step,False,True,18,2,18
380,564,564,0.2,ramp,False,True,16,2,16
1361,1918,1918,-0.05,step,False,True,16,2,16
1877,2500,2500,-0.05,ramp,True,True,18,2,18
1878,2501,2500,-0.05,ramp,True,False,18,2,18
1875,2498,2500,-0.05,ramp,True,False,18,2,18
1892,2515,2500,-0.05,ramp,True,False,18,2,18
1873,2496,2500,-0.05,ramp,True,False,18,2,18
1885,2508,2500,-0.05,ramp,True,False,18,2,18
1027,1489,1489,0.1,ramp,False,True,16,2,16
1639,2229,2229,-0.05,step,False,True,18,2,18
1664,2258,2258,0.2,ramp,True,True,16,2,16
1662,2256,2258,0.2,ramp,True,False,16,2,16
1674,2270,2258,0.2,ramp,True,False,16,2,16
28,30,30,0.2,step,True,True,14,2,14
1683,2281,30,0.2,step,True,False,14,2,14
1833,2456,2456,0.1,ramp,False,True,20,2,20
412,603,603,0.05,step,True,True,18,2,18
401,589,603,0.05,step,True,False,18,2,18
1735,2342,2342,-0.05,ramp,False,True,16,2,16
1538,2120,2120,0.1,step,True,True,16,2,16
1539,2121,2120,0.1,step,True,False,16,2,16
1729,2336,2120,0.1,step,True,False,16,2,16
1694,2297,2297,0.2,step,False,True,20,2,20
800,1188,1188,0.1,step,True,True,18,2,18
793,1179,1188,0.1,step,True,False,18,2,18
802,1190,1188,0.1,step,True,False,18,2,18
798,1186,1188,0.1,step,True,False,18,2,18
791,1176,1188,0.1,step,True,False,18,2,18
794,1180,1188,0.1,step,True,False,18,2,18
1736,2343,2343,-0.2,ramp,False,True,18,2,18
1128,1605,1605,0.1,ramp,True,True,20,2,20
1151,1628,1605,0.1,ramp,True,False,20,2,20
1103,1580,1580,-0.05,step,True,True,20,2,20
1107,1584,1580,-0.05,step,True,False,20,2,20
610,886,886,-0.2,step,False,True,20,2,20
1431,1991,1991,0.05,step,True,True,18,2,18
1432,1992,1991,0.05,step,True,False,18,2,18
1438,1999,1991,0.05,step,True,False,18,2,18
1001,1447,1447,-0.05,step,True,True,16,2,16
1028,1490,1447,-0.05,step,True,False,16,2,16
1995,2808,1447,-0.05,step,True,False,16,2,16
1997,2813,1447,-0.05,step,True,False,16,2,16
1993,2652,1447,-0.05,step,True,False,16,2,16
1713,2318,2318,-0.2,ramp,False,True,16,2,16
227,372,372,-0.2,step,False,True,14,2,14
814,1204,1204,-0.2,ramp,True,True,16,2,16
827,1218,1204,-0.2,ramp,True,False,16,2,16
815,1205,1204,-0.2,ramp,True,False,16,2,16
829,1220,1204,-0.2,ramp,True,False,16,2,16
1700,2303,2303,-0.2,step,True,True,20,2,20
1695,2298,2303,-0.2,step,True,False,20,2,20
1678,2275,2303,-0.2,step,True,False,20,2,20
1681,2279,2303,-0.2,step,True,False,20,2,20
578,842,842,0.1,ramp,True,True,18,2,18
593,860,842,0.1,ramp,True,False,18,2,18
1393,1951,1951,-0.2,ramp,False,True,18,2,18
942,1344,1344,-0.1,step,False,True,20,2,20
670,1011,1011,0.1,ramp,True,True,14,2,14
690,1032,1011,0.1,ramp,True,False,14,2,14
713,1060,1060,-0.05,step,False,True,14,2,14
462,711,711,-0.05,step,False,True,16,2,16
128,236,236,0.05,ramp,False,True,14,2,14
922,1322,1322,0.05,step,True,True,18,2,18
912,1311,1322,0.05,step,True,False,18,2,18
870,1267,1267,0.05,ramp,False,True,16,2,16
535,797,797,-0.05,ramp,False,True,14,2,14
444,690,690,0.1,ramp,False,True,16,2,16
832,1223,1223,-0.05,step,True,True,20,2,20
825,1215,1223,-0.05,step,True,False,20,2,20
1512,2082,2082,-0.2,ramp,False,True,20,2,20
1823,2445,2445,-0.05,step,True,True,14,2,14
1824,2446,2445,-0.05,step,True,False,14,2,14
1801,2422,2445,-0.05,step,True,False,14,2,14
966,1402,2445,-0.05,step,True,False,14,2,14
1514,2087,2087,-0.05,step,False,True,18,2,18
306,484,484,-0.1,step,True,True,16,2,16
308,486,484,-0.1,step,True,False,16,2,16
312,491,484,-0.1,step,True,False,16,2,16
315,494,484,-0.1,step,True,False,16,2,16
321,501,484,-0.1,step,True,False,16,2,16
313,492,484,-0.1,step,True,False,16,2,16
914,1313,1313,0.2,ramp,False,True,18,2,18
1389,1947,1947,0.2,ramp,False,True,16,2,16
517,778,778,0.2,step,False,True,20,2,20
434,676,676,0.2,ramp,False,True,18,2,18
196,338,338,0.05,step,False,True,14,2,14
565,828,828,0.1,ramp,True,True,14,2,14
553,815,828,0.1,ramp,True,False,14,2,14
1427,1987,1987,-0.2,step,True,True,20,2,20
1471,2040,1987,-0.2,step,True,False,20,2,20
1462,2030,1987,-0.2,step,True,False,20,2,20
1418,1978,1987,-0.2,step,True,False,20,2,20
1449,2011,1987,-0.2,step,True,False,20,2,20
1029,1491,1491,0.2,step,False,True,20,2,20
1127,1604,1604,-0.2,ramp,True,True,18,2,18
847,1238,1604,-0.2,ramp,True,False,18,2,18
438,680,680,0.05,step,False,True,16,3,16
782,1167,1167,0.1,step,False,True,18,3,18
184,325,325,-0.2,step,False,True,14,3,14
1858,2481,2481,0.1,step,False,True,20,3,20
675,1016,1016,0.2,step,False,True,14,3,14
802,1190,1190,0.1,step,False,True,18,3,18
1342,1896,1896,0.2,step,True,True,18,3,18
1339,1893,1896,0.2,step,True,False,18,3,18
1222,1702,1896,0.2,step,True,False,18,3,18
281,440,440,0.05,step,False,True,16,3,16
1742,2352,2352,-0.1,step,True,True,18,3,18
1834,2457,2352,-0.1,step,True,False,18,3,18
1743,2353,2352,-0.1,step,True,False,18,3,18
1744,2354,2352,-0.1,step,True,False,18,3,18
1838,2461,2352,-0.1,step,True,False,18,3,18
1833,2456,2352,-0.1,step,True,False,18,3,18
1344,1898,1898,0.05,ramp,False,True,20,3,20
778,1163,1163,-0.1,step,True,True,14,3,14
758,1140,1163,-0.1,step,True,False,14,3,14
753,1135,1163,-0.1,step,True,False,14,3,14
761,1143,1163,-0.1,step,True,False,14,3,14
1670,2266,2266,-0.1,step,False,True,20,3,20
214,359,359,-0.05,step,False,True,20,3,20
1664,2258,2258,0.1,step,True,True,16,3,16
1662,2256,2258,0.1,step,True,False,16,3,16
1674,2270,2258,0.1,step,True,False,16,3,16
1806,2427,2427,-0.05,step,False,True,18,3,18
972,1408,1408,0.1,ramp,False,True,20,3,20
1227,1707,1707,-0.05,step,False,True,16,3,16
1931,2554,2554,-0.1,ramp,False,True,20,3,20
194,336,336,0.05,step,False,True,18,3,18
997,1443,1443,0.1,ramp,False,True,20,3,20
745,1127,1127,-0.05,step,True,True,20,3,20
727,1108,1127,-0.05,step,True,False,20,3,20
732,1113,1127,-0.05,step,True,False,20,3,20
741,1123,1127,-0.05,step,True,False,20,3,20
731,1112,1127,-0.05,step,True,False,20,3,20
749,1131,1127,-0.05,step,True,False,20,3,20
1578,2164,2164,-0.1,step,False,True,16,3,16
1478,2047,2047,-0.2,ramp,True,True,20,3,20
1496,2065,2047,-0.2,ramp,True,False,20,3,20
1489,2058,2047,-0.2,ramp,True,False,20,3,20
1086,1562,1562,-0.05,step,False,True,18,3,18
300,460,460,-0.05,step,False,True,20,3,20
5,6,6,0.2,ramp,True,True,16,3,16
0,1,6,0.2,ramp,True,False,16,3,16
2,3,6,0.2,ramp,True,False,16,3,16
468,717,717,-0.05,ramp,False,True,14,3,14
1001,1447,1447,0.1,step,False,True,14,3,14
183,324,324,-0.1,ramp,False,True,20,3,20
412,603,603,-0.1,step,False,True,16,3,16
786,1171,1171,-0.1,step,False,True,20,3,20
807,1195,1195,-0.05,step,False,True,20,3,20
1116,1593,1593,-0.05,ramp,False,True,18,3,18
1424,1984,1984,-0.1,ramp,False,True,16,3,16
690,1032,1032,0.2,ramp,True,True,16,3,16
670,1011,1032,0.2,ramp,True,False,16,3,16
1554,2138,2138,-0.1,ramp,True,True,18,3,18
1530,2111,2138,-0.1,ramp,True,False,18,3,18
1542,2125,2138,-0.1,ramp,True,False,18,3,18
481,736,736,-0.1,step,False,True,16,3,16
391,579,579,0.05,step,False,True,20,3,20
798,1186,1186,-0.2,ramp,True,True,18,3,18
791,1176,1186,-0.2,ramp,True,False,18,3,18
800,1188,1186,-0.2,ramp,True,False,18,3,18
794,1180,1186,-0.2,ramp,True,False,18,3,18
806,1194,1186,-0.2,ramp,True,False,18,3,18
797,1185,1186,-0.2,ramp,True,False,18,3,18
1422,1982,1982,0.1,step,True,True,14,3,14
1454,2019,1982,0.1,step,True,False,14,3,14
1414,1974,1982,0.1,step,True,False,14,3,14
1465,2033,1982,0.1,step,True,False,14,3,14
1415,1975,1982,0.1,step,True,False,14,3,14
1418,1978,1982,0.1,step,True,False,14,3,14
1073,1549,1549,-0.2,ramp,False,True,14,3,14
1067,1543,1543,-0.1,ramp,True,True,20,3,20
1056,1530,1543,-0.1,ramp,True,False,20,3,20
1066,1542,1543,-0.1,ramp,True,False,20,3,20
1068,1544,1543,-0.1,ramp,True,False,20,3,20
1076,1552,1543,-0.1,ramp,True,False,20,3,20
1090,1566,1543,-0.1,ramp,True,False,20,3,20
1031,1493,1493,-0.05,ramp,True,True,14,3,14
1947,2570,1493,-0.05,ramp,True,False,14,3,14
1958,2581,1493,-0.05,ramp,True,False,14,3,14
1948,2571,1493,-0.05,ramp,True,False,14,3,14
1959,2582,1493,-0.05,ramp,True,False,14,3,14
1962,2585,1493,-0.05,ramp,True,False,14,3,14
161,296,296,-0.1,step,True,True,20,3,20
1089,1565,296,-0.1,step,True,False,20,3,20
166,302,296,-0.1,step,True,False,20,3,20
1065,1541,296,-0.1,step,True,False,20,3,20
787,1172,1172,-0.05,ramp,True,True,18,3,18
789,1174,1172,-0.05,ramp,True,False,18,3,18
1564,2150,2150,0.05,step,False,True,16,3,16
75,78,78,-0.2,ramp,True,True,18,3,18
69,72,78,-0.2,ramp,True,False,18,3,18
1226,1706,78,-0.2,ramp,True,False,18,3,18
983,1420,1420,0.1,ramp,False,True,18,3,18
1079,1555,1555,-0.05,ramp,True,True,16,3,16
1062,1537,1555,-0.05,ramp,True,False,16,3,16
1072,1548,1555,-0.05,ramp,True,False,16,3,16
1059,1534,1555,-0.05,ramp,True,False,16,3,16
2010,3005,1555,-0.05,ramp,True,False,16,3,16
1609,2197,2197,-0.2,step,True,True,14,3,14
1613,2201,2197,-0.2,step,True,False,14,3,14
1081,1557,1557,-0.2,step,False,True,20,3,20
400,588,588,-0.2,ramp,False,True,16,3,16
266,422,422,0.05,ramp,True,True,18,3,18
274,432,422,0.05,ramp,True,False,18,3,18
272,430,422,0.05,ramp,True,False,18,3,18
278,436,422,0.05,ramp,True,False,18,3,18
275,433,422,0.05,ramp,True,False,18,3,18
1345,1899,1899,0.05,step,True,True,18,3,18
1321,1874,1899,0.05,step,True,False,18,3,18
1336,1890,1899,0.05,step,True,False,18,3,18
1323,1876,1899,0.05,step,True,False,18,3,18
1340,1894,1899,0.05,step,True,False,18,3,18
1337,1891,1899,0.05,step,True,False,18,3,18
702,1048,1048,0.2,ramp,True,True,14,3,14
719,1066,1048,0.2,ramp,True,False,14,3,14
466,715,715,0.05,ramp,False,True,20,3,20
1549,2132,2132,0.1,ramp,True,True,20,3,20
1548,2131,2132,0.1,ramp,True,False,20,3,20
759,1141,1141,-0.1,step,True,True,18,3,18
779,1164,1141,-0.1,step,True,False,18,3,18
459,706,706,-0.2,ramp,False,True,16,3,16
892,1290,1290,0.1,step,False,True,16,3,16
644,927,927,-0.05,step,False,True,16,3,16
1501,2070,2070,0.1,ramp,False,True,16,3,16
1795,2408,2408,0.1,ramp,True,True,14,3,14
1793,2406,2408,0.1,ramp,True,False,14,3,14
1794,2407,2408,0.1,ramp,True,False,14,3,14
1776,2386,2408,0.1,ramp,True,False,14,3,14
1792,2405,2408,0.1,ramp,True,False,14,3,14
1777,2387,2408,0.1,ramp,True,False,14,3,14
672,1013,1013,0.1,step,False,True,18,3,18
306,484,484,0.1,step,False,True,14,3,14
832,1223,1223,0.05,step,False,True,14,3,14
1980,2605,2605,0.05,ramp,True,True,20,3,20
1976,2600,2605,0.05,ramp,True,False,20,3,20
1943,2566,2605,0.05,ramp,True,False,20,3,20
1967,2590,2605,0.05,ramp,True,False,20,3,20
1975,2599,2605,0.05,ramp,True,False,20,3,20
1938,2561,2605,0.05,ramp,True,False,20,3,20
1746,2356,2356,0.2,step,False,True,18,3,18
1360,1917,1917,0.1,ramp,True,True,18,3,18
1369,1926,1917,0.1,ramp,True,False,18,3,18
1390,1948,1917,0.1,ramp,True,False,18,3,18
849,1241,1241,-0.2,ramp,True,True,20,3,20
835,1226,1241,-0.2,ramp,True,False,20,3,20
848,1240,1241,-0.2,ramp,True,False,20,3,20
844,1235,1241,-0.2,ramp,True,False,20,3,20
985,1422,1422,-0.05,step,False,True,16,3,16
1531,2112,2112,-0.05,step,False,True,16,3,16
707,1054,1054,0.1,ramp,False,True,14,3,14
955,1358,1358,0.2,ramp,False,True,16,3,16
1411,1971,1971,-0.05,step,True,True,16,3,16
1417,1977,1971,-0.05,step,True,False,16,3,16
1419,1979,1971,-0.05,step,True,False,16,3,16
1420,1980,1971,-0.05,step,True,False,16,3,16
1442,2004,1971,-0.05,step,True,False,16,3,16
686,1028,1028,0.2,ramp,False,True,18,3,18
1187,1664,1664,0.05,step,True,True,16,3,16
1167,1644,1664,0.05,step,True,False,16,3,16
1156,1633,1664,0.05,step,True,False,16,3,16
1177,1654,1664,0.05,step,True,False,16,3,16
1904,2527,2527,0.2,ramp,True,True,16,3,16
1907,2530,2527,0.2,ramp,True,False,16,3,16
1880,2503,2527,0.2,ramp,True,False,16,3,16
1881,2504,2527,0.2,ramp,True,False,16,3,16
1911,2534,2527,0.2,ramp,True,False,16,3,16
1905,2528,2527,0.2,ramp,True,False,16,3,16
774,1158,1158,-0.1,step,False,True,14,3,14
1819,2441,2441,0.05,step,False,True,16,3,16
1894,2517,2517,0.05,ramp,True,True,20,3,20
1896,2519,2517,0.05,ramp,True,False,20,3,20
1897,2520,2517,0.05,ramp,True,False,20,3,20
1873,2496,2517,0.05,ramp,True,False,20,3,20
1891,2514,2517,0.05,ramp,True,False,20,3,20
1888,2511,2517,0.05,ramp,True,False,20,3,20
1846,2469,2469,0.1,ramp,True,True,20,3,20
1848,2471,2469,0.1,ramp,True,False,20,3,20
1929,2552,2469,0.1,ramp,True,False,20,3,20
1923,2546,2469,0.1,ramp,True,False,20,3,20
1012,1465,2469,0.1,ramp,True,False,20,3,20
1840,2463,2469,0.1,ramp,True,False,20,3,20
1889,2512,2512,0.1,ramp,False,True,20,3,20
992,1430,1430,0.05,step,True,True,14,3,14
993,1431,1430,0.05,step,True,False,14,3,14
74,77,77,-0.1,ramp,False,True,14,3,14
578,842,842,-0.2,ramp,False,True,18,3,18
1413,1973,1973,0.1,step,False,True,16,3,16
510,770,770,-0.1,step,False,True,16,3,16
587,853,853,0.2,step,False,True,14,3,14
1685,2286,2286,-0.05,step,True,True,16,3,16
1688,2289,2286,-0.05,step,True,False,16,3,16
1709,2314,2286,-0.05,step,True,False,16,3,16
1669,2265,2265,-0.2,ramp,True,True,14,3,14
1264,1754,2265,-0.2,ramp,True,False,14,3,14
1672,2268,2265,-0.2,ramp,True,False,14,3,14
1667,2262,2265,-0.2,ramp,True,False,14,3,14
303,480,480,0.2,step,True,True,14,4,14
323,503,480,0.2,step,True,False,14,4,14
311,490,480,0.2,step,True,False,14,4,14
309,487,480,0.2,step,True,False,14,4,14
317,496,480,0.2,step,True,False,14,4,14
318,497,480,0.2,step,True,False,14,4,14
654,993,993,-0.05,ramp,False,True,20,4,20
1936,2559,2559,0.2,ramp,True,True,20,4,20
1935,2558,2559,0.2,ramp,True,False,20,4,20
1940,2563,2559,0.2,ramp,True,False,20,4,20
1863,2486,2559,0.2,ramp,True,False,20,4,20
1939,2562,2559,0.2,ramp,True,False,20,4,20
1951,2574,2559,0.2,ramp,True,False,20,4,20
1331,1885,1885,0.1,ramp,False,True,16,4,16
145,278,278,-0.05,ramp,False,True,16,4,16
194,336,336,0.2,ramp,False,True,14,4,14
1232,1712,1712,0.2,step,True,True,14,4,14
1238,1722,1712,0.2,step,True,False,14,4,14
1243,1728,1712,0.2,step,True,False,14,4,14
1244,1730,1712,0.2,step,True,False,14,4,14
1242,1727,1712,0.2,step,True,False,14,4,14
1237,1719,1712,0.2,step,True,False,14,4,14
1965,2588,2588,-0.1,step,True,True,14,4,14
1979,2604,2588,-0.1,step,True,False,14,4,14
1945,2568,2588,-0.1,step,True,False,14,4,14
1967,2590,2588,-0.1,step,True,False,14,4,14
1942,2565,2588,-0.1,step,True,False,14,4,14
1015,1472,2588,-0.1,step,True,False,14,4,14
434,676,676,0.1,step,True,True,18,4,18
289,448,676,0.1,step,True,False,18,4,18
294,453,676,0.1,step,True,False,18,4,18
299,459,676,0.1,step,True,False,18,4,18
293,452,676,0.1,step,True,False,18,4,18
475,725,676,0.1,step,True,False,18,4,18
1551,2134,2134,0.1,step,True,True,16,4,16
1545,2128,2134,0.1,step,True,False,16,4,16
1546,2129,2134,0.1,step,True,False,16,4,16
1930,2553,2553,0.05,step,True,True,14,4,14
1932,2555,2553,0.05,step,True,False,14,4,14
1919,2542,2553,0.05,step,True,False,14,4,14
1934,2557,2553,0.05,step,True,False,14,4,14
1933,2556,2553,0.05,step,True,False,14,4,14
1850,2473,2553,0.05,step,True,False,14,4,14
284,443,443,-0.2,step,True,True,14,4,14
269,425,443,-0.2,step,True,False,14,4,14
282,441,443,-0.2,step,True,False,14,4,14
283,442,443,-0.2,step,True,False,14,4,14
1549,2132,2132,0.05,ramp,False,True,16,4,16
1253,1742,1742,-0.1,ramp,True,True,18,4,18
1251,1740,1742,-0.1,ramp,True,False,18,4,18
1257,1746,1742,-0.1,ramp,True,False,18,4,18
1117,1594,1594,0.05,ramp,True,True,20,4,20
1113,1590,1594,0.05,ramp,True,False,20,4,20
1296,1846,1846,0.2,step,False,True,16,4,16
763,1146,1146,0.2,ramp,False,True,18,4,18
1188,1665,1665,-0.2,step,False,True,18,4,18
1204,1682,1682,0.2,step,False,True,16,4,16
1047,1520,1520,-0.05,step,False,True,16,4,16
115,223,223,0.2,step,False,True,16,4,16
930,1330,1330,0.2,ramp,False,True,16,4,16
18,19,19,-0.2,ramp,False,True,18,4,18
1804,2425,2425,0.1,step,False,True,16,4,16
1269,1759,1759,-0.2,step,False,True,14,4,14
513,774,774,0.1,step,False,True,14,4,14
172,308,308,0.1,ramp,False,True,20,4,20
1283,1776,1776,-0.05,ramp,True,True,16,4,16
1274,1765,1776,-0.05,ramp,True,False,16,4,16
1290,1784,1776,-0.05,ramp,True,False,16,4,16
1281,1774,1776,-0.05,ramp,True,False,16,4,16
1256,1745,1745,-0.05,step,False,True,20,4,20
622,901,901,-0.05,ramp,False,True,18,4,18
1803,2424,2424,0.1,ramp,False,True,20,4,20
1915,2538,2538,0.2,ramp,False,True,16,4,16
562,825,825,0.2,ramp,True,True,20,4,20
549,811,825,0.2,ramp,True,False,20,4,20
567,830,825,0.2,ramp,True,False,20,4,20
1699,2302,2302,-0.05,ramp,True,True,18,4,18
26,28,2302,-0.05,ramp,True,False,18,4,18
33,35,2302,-0.05,ramp,True,False,18,4,18
407,598,598,-0.2,step,False,True,14,4,14
681,1023,1023,-0.1,step,False,True,18,4,18
1672,2268,2268,0.2,step,True,True,20,4,20
1670,2266,2268,0.2,step,True,False,20,4,20
1669,2265,2268,0.2,step,True,False,20,4,20
1393,1951,2268,0.2,step,True,False,20,4,20
1459,2025,2025,-0.05,step,False,True,20,4,20
770,1153,1153,0.1,step,False,True,18,4,18
1078,1554,1554,-0.05,ramp,False,True,14,4,14
250,397,397,0.05,ramp,False,True,18,4,18
1999,2872,2872,-0.2,step,False,True,14,4,14
358,541,541,-0.2,ramp,False,True,20,4,20
987,1425,1425,-0.1,step,True,True,18,4,18
975,1411,1425,-0.1,step,True,False,18,4,18
984,1421,1425,-0.1,step,True,False,18,4,18
983,1420,1425,-0.1,step,True,False,18,4,18
1581,2168,1425,-0.1,step,True,False,18,4,18
1236,1718,1425,-0.1,step,True,False,18,4,18
1247,1733,1733,0.05,ramp,False,True,16,4,16
563,826,826,-0.2,step,True,True,16,4,16
573,836,826,-0.2,step,True,False,16,4,16
761,1143,1143,-0.1,ramp,False,True,16,4,16
571,834,834,-0.1,ramp,False,True,20,4,20
1913,2536,2536,0.05,ramp,False,True,16,4,16
473,722,722,0.1,step,False,True,16,4,16
124,232,232,-0.2,ramp,False,True,16,4,16
1028,1490,1490,0.2,step,True,True,14,4,14
1001,1447,1490,0.2,step,True,False,14,4,14
1995,2808,1490,0.2,step,True,False,14,4,14
996,1440,1490,0.2,step,True,False,14,4,14
1035,1500,1490,0.2,step,True,False,14,4,14
1010,1463,1490,0.2,step,True,False,14,4,14
267,423,423,0.2,step,False,True,16,4,16
1312,1863,1863,0.2,step,True,True,16,4,16
1295,1845,1863,0.2,step,True,False,16,4,16
1310,1861,1863,0.2,step,True,False,16,4,16
1299,1850,1863,0.2,step,True,False,16,4,16
1316,1869,1863,0.2,step,True,False,16,4,16
1315,1868,1863,0.2,step,True,False,16,4,16
251,398,398,0.2,ramp,False,True,18,4,18
164,300,300,-0.1,ramp,True,True,16,4,16
154,288,300,-0.1,ramp,True,False,16,4,16
158,293,300,-0.1,ramp,True,False,16,4,16
168,304,300,-0.1,ramp,True,False,16,4,16
163,298,300,-0.1,ramp,True,False,16,4,16
1375,1932,1932,0.1,step,False,True,20,4,20
733,1115,1115,0.1,ramp,False,True,20,4,20
1258,1747,1747,0.2,step,True,True,18,4,18
1261,1751,1747,0.2,step,True,False,18,4,18
1268,1758,1747,0.2,step,True,False,18,4,18
116,224,224,0.2,ramp,False,True,18,4,18
662,1003,1003,0.2,step,False,True,14,4,14
1662,2256,2256,0.05,ramp,True,True,16,4,16
1664,2258,2256,0.05,ramp,True,False,16,4,16
1666,2260,2256,0.05,ramp,True,False,16,4,16
1661,2255,2256,0.05,ramp,True,False,16,4,16
1447,2009,2009,0.2,step,True,True,14,4,14
1429,1989,2009,0.2,step,True,False,14,4,14
1428,1988,2009,0.2,step,True,False,14,4,14
1433,1993,2009,0.2,step,True,False,14,4,14
1874,2497,2497,0.2,step,True,True,16,4,16
1879,2502,2497,0.2,step,True,False,16,4,16
1883,2506,2497,0.2,step,True,False,16,4,16
1880,2503,2497,0.2,step,True,False,16,4,16
1876,2499,2497,0.2,step,True,False,16,4,16
1871,2494,2497,0.2,step,True,False,16,4,16
1444,2006,2006,0.2,step,True,True,18,4,18
1445,2007,2006,0.2,step,True,False,18,4,18
1442,2004,2006,0.2,step,True,False,18,4,18
1411,1971,2006,0.2,step,True,False,18,4,18
1420,1980,2006,0.2,step,True,False,18,4,18
1419,1979,2006,0.2,step,True,False,18,4,18
37,39,39,-0.05,step,True,True,20,4,20
59,61,39,-0.05,step,True,False,20,4,20
245,391,391,0.2,ramp,True,True,14,4,14
229,374,391,0.2,ramp,True,False,14,4,14
217,362,391,0.2,ramp,True,False,14,4,14
239,384,391,0.2,ramp,True,False,14,4,14
740,1122,1122,0.05,ramp,True,True,18,4,18
727,1108,1122,0.05,ramp,True,False,18,4,18
732,1113,1122,0.05,ramp,True,False,18,4,18
745,1127,1122,0.05,ramp,True,False,18,4,18
741,1123,1122,0.05,ramp,True,False,18,4,18
742,1124,1122,0.05,ramp,True,False,18,4,18
636,917,917,0.2,ramp,True,True,18,4,18
635,916,917,0.2,ramp,True,False,18,4,18
1089,1565,1565,0.05,ramp,False,True,20,4,20
1943,2566,2566,-0.2,ramp,True,True,20,4,20
1938,2561,2566,-0.2,ramp,True,False,20,4,20
1946,2569,2566,-0.2,ramp,True,False,20,4,20
1865,2488,2566,-0.2,ramp,True,False,20,4,20
1941,2564,2566,-0.2,ramp,True,False,20,4,20
1862,2485,2566,-0.2,ramp,True,False,20,4,20
833,1224,1224,0.05,step,True,True,14,4,14
851,1243,1224,0.05,step,True,False,14,4,14
857,1252,1224,0.05,step,True,False,14,4,14
836,1227,1224,0.05,step,True,False,14,4,14
2,3,3,-0.2,ramp,True,True,14,4,14
8,9,3,-0.2,ramp,True,False,14,4,14
0,1,3,-0.2,ramp,True,False,14,4,14
3,4,3,-0.2,ramp,True,False,14,4,14
5,6,3,-0.2,ramp,True,False,14,4,14
4,5,3,-0.2,ramp,True,False,14,4,14
1308,1859,1859,0.2,ramp,False,True,16,4,16
736,1118,1118,-0.2,step,False,True,14,4,14
1062,1537,1537,-0.05,step,True,True,14,4,14
1079,1555,1537,-0.05,step,True,False,14,4,14
2010,3005,1537,-0.05,step,True,False,14,4,14
1072,1548,1537,-0.05,step,True,False,14,4,14
460,708,708,0.2,ramp,False,True,14,4,14
798,1186,1186,-0.2,ramp,True,True,14,4,14
791,1176,1186,-0.2,ramp,True,False,14,4,14
800,1188,1186,-0.2,ramp,True,False,14,4,14
794,1180,1186,-0.2,ramp,True,False,14,4,14
806,1194,1186,-0.2,ramp,True,False,14,4,14
797,1185,1186,-0.2,ramp,True,False,14,4,14
1770,2380,2380,0.1,ramp,False,True,16,4,16
1481,2050,2050,-0.1,ramp,True,True,16,4,16
1492,2061,2050,-0.1,ramp,True,False,16,4,16
1477,2046,2050,-0.1,ramp,True,False,16,4,16
1008,1459,1459,0.05,ramp,False,True,16,4,16
512,773,773,-0.2,ramp,False,True,20,4,20
