detector,PR_AUC__mean,PR_AUC__std,precision@10__mean,precision@10__std,precision@20__mean,precision@20__std,precision@50__mean,precision@50__std,recall@0__mean,recall@0__std,recall@0_size-20__mean,recall@0_size-20__std,recall@0_size-10__mean,recall@0_size-10__std,recall@0_size-5__mean,recall@0_size-5__std,recall@0_size5__mean,recall@0_size5__std,recall@0_size10__mean,recall@0_size10__std,recall@0_size20__mean,recall@0_size20__std,recall@0_cluster__mean,recall@0_cluster__std,recall@0_isolated__mean,recall@0_isolated__std,real_FAR@0__mean,real_FAR@0__std,precision@FAR0__mean,precision@FAR0__std,median_delay@0__mean,median_delay@0__std,cost@0_per1000MO__mean,cost@0_per1000MO__std,recall@1__mean,recall@1__std,recall@1_size-20__mean,recall@1_size-20__std,recall@1_size-10__mean,recall@1_size-10__std,recall@1_size-5__mean,recall@1_size-5__std,recall@1_size5__mean,recall@1_size5__std,recall@1_size10__mean,recall@1_size10__std,recall@1_size20__mean,recall@1_size20__std,recall@1_cluster__mean,recall@1_cluster__std,recall@1_isolated__mean,recall@1_isolated__std,real_FAR@1__mean,real_FAR@1__std,precision@FAR1__mean,precision@FAR1__std,median_delay@1__mean,median_delay@1__std,cost@1_per1000MO__mean,cost@1_per1000MO__std,recall@2__mean,recall@2__std,recall@2_size-20__mean,recall@2_size-20__std,recall@2_size-10__mean,recall@2_size-10__std,recall@2_size-5__mean,recall@2_size-5__std,recall@2_size5__mean,recall@2_size5__std,recall@2_size10__mean,recall@2_size10__std,recall@2_size20__mean,recall@2_size20__std,recall@2_cluster__mean,recall@2_cluster__std,recall@2_isolated__mean,recall@2_isolated__std,real_FAR@2__mean,real_FAR@2__std,precision@FAR2__mean,precision@FAR2__std,median_delay@2__mean,median_delay@2__std,cost@2_per1000MO__mean,cost@2_per1000MO__std,recall@3__mean,recall@3__std,recall@3_size-20__mean,recall@3_size-20__std,recall@3_size-10__mean,recall@3_size-10__std,recall@3_size-5__mean,recall@3_size-5__std,recall@3_size5__mean,recall@3_size5__std,recall@3_size10__mean,recall@3_size10__std,recall@3_size20__mean,recall@3_size20__std,recall@3_cluster__mean,recall@3_cluster__std,recall@3_isolated__mean,recall@3_isolated__std,real_FAR@3__mean,real_FAR@3__std,precision@FAR3__mean,precision@FAR3__std,median_delay@3__mean,median_delay@3__std,cost@3_per1000MO__mean,cost@3_per1000MO__std,recall@5__mean,recall@5__std,recall@5_size-20__mean,recall@5_size-20__std,recall@5_size-10__mean,recall@5_size-10__std,recall@5_size-5__mean,recall@5_size-5__std,recall@5_size5__mean,recall@5_size5__std,recall@5_size10__mean,recall@5_size10__std,recall@5_size20__mean,recall@5_size20__std,recall@5_cluster__mean,recall@5_cluster__std,recall@5_isolated__mean,recall@5_isolated__std,real_FAR@5__mean,real_FAR@5__std,precision@FAR5__mean,precision@FAR5__std,median_delay@5__mean,median_delay@5__std,cost@5_per1000MO__mean,cost@5_per1000MO__std,recall@10__mean,recall@10__std,recall@10_size-20__mean,recall@10_size-20__std,recall@10_size-10__mean,recall@10_size-10__std,recall@10_size-5__mean,recall@10_size-5__std,recall@10_size5__mean,recall@10_size5__std,recall@10_size10__mean,recall@10_size10__std,recall@10_size20__mean,recall@10_size20__std,recall@10_cluster__mean,recall@10_cluster__std,recall@10_isolated__mean,recall@10_isolated__std,real_FAR@10__mean,real_FAR@10__std,precision@FAR10__mean,precision@FAR10__std,median_delay@10__mean,median_delay@10__std,cost@10_per1000MO__mean,cost@10_per1000MO__std,recall@20__mean,recall@20__std,recall@20_size-20__mean,recall@20_size-20__std,recall@20_size-10__mean,recall@20_size-10__std,recall@20_size-5__mean,recall@20_size-5__std,recall@20_size5__mean,recall@20_size5__std,recall@20_size10__mean,recall@20_size10__std,recall@20_size20__mean,recall@20_size20__std,recall@20_cluster__mean,recall@20_cluster__std,recall@20_isolated__mean,recall@20_isolated__std,real_FAR@20__mean,real_FAR@20__std,precision@FAR20__mean,precision@FAR20__std,median_delay@20__mean,median_delay@20__std,cost@20_per1000MO__mean,cost@20_per1000MO__std
binseg_total,0.23880194908337044,0.052084829458013765,0.598,0.10084641788382963,0.5619999999999999,0.1126166062354926,0.434,0.09486832980505139,0.281592039800995,0.07964861818420953,0.5904007275241395,0.13865196113849101,0.20263980463980463,0.07075414697378622,0.06360964912280702,0.022160321556619324,0.0125,0.027950849718747374,0.2112133480554533,0.1501279205745881,0.5146324786324786,0.12383890430788214,0.2930405730382154,0.09899015953805033,0.24624130255709203,0.05198944702629741,0.005212121212121212,0.00010740269250478209,0.5665697180971304,0.09968419628055297,0.2,0.4472135954999579,763.1944444444445,80.30170290170743,0.3641791044776119,0.10106974663963422,0.717715369929526,0.13050477071394562,0.28055982905982907,0.10364098167601069,0.10978947368421052,0.02008758522900177,0.026096491228070173,0.02706357152451733,0.3302788001472212,0.14431567025611364,0.6376361416361416,0.11478678443047645,0.37548299433775534,0.1188312026747714,0.33069724135513606,0.06998712327485748,0.010325068870523415,0.00026018113395300473,0.4799861025356593,0.08254272006335318,0.2,0.4472135954999579,726.8849206349207,102.3489119837898,0.4467661691542288,0.0923016310756761,0.8130089329907841,0.08586285772948737,0.3738669108669109,0.12884919644923515,0.15338596491228068,0.04400806467965004,0.08513712165027955,0.0507147560705797,0.46210250276039755,0.13416457962469774,0.728976800976801,0.09146116739423261,0.44783072263629153,0.1022714536299214,0.4436346548188654,0.07374707031546829,0.020275482093663914,0.000553712155433658,0.3962434089134139,0.06567087498893052,0.2,0.4472135954999579,734.1269841269841,96.56834903266929,0.5024875621890548,0.07520505700413418,0.8671403823037217,0.07322590251758303,0.48313858363858364,0.1130110892060362,0.1784956140350877,0.03295514774432226,0.10578489492963176,0.054294236663197264,0.5280280026990554,0.11681620326182263,0.8042002442002442,0.08028016824473887,0.5107526773188154,0.08408731675369073,0.48102809471230523,0.08506498438566229,0.030446280991735537,0.0006641347087737382,0.3533916264889269,0.05634649727883665,0.2,0.4472135954999579,770.1388888888889,80.05236268399577,0.582089552238806,0.07354102238355463,0.9003790432193336,0.06107277267619955,0.5593644688644689,0.13115978599590314,0.2547982456140351,0.03808009814901313,0.23970141700404857,0.02436315184729265,0.6433853208195314,0.06461486564313733,0.844884004884005,0.07885897804312338,0.5864820597577157,0.07717011882388128,0.5712289026762711,0.09457497793152471,0.050523415977961436,0.0010468319559228663,0.29425851918889256,0.048404487131529554,0.2,0.4472135954999579,871.5277777777777,80.60477716637408,0.6766169154228856,0.049125417060028605,0.9355359008807284,0.05190161933300181,0.656026862026862,0.0746262669367733,0.38998684210526313,0.10472238147330513,0.36074440909967226,0.07824095245003916,0.7745253649858913,0.052778608547291356,0.8868522588522587,0.07723556815002741,0.6802424410420874,0.04926566716100985,0.6668521829048145,0.0726379646158091,0.10115702479338842,0.0012874183411072046,0.21975393571110252,0.030639326351447345,0.0,0.0,1233.1349206349207,54.75705206242296,0.8159203980099502,0.03821465546203286,0.98098223615465,0.027630501786480084,0.8182185592185591,0.10391886144753038,0.6194517543859649,0.1052832468951868,0.5750518122228648,0.12457156739966772,0.8947271807140227,0.05209168694271989,0.9622222222222222,0.03603838831161522,0.8286109944025692,0.027019048655202438,0.7811707152496626,0.08324543997023055,0.20152066115702477,0.0023057044856238658,0.16141436833687767,0.017496375034195273,0.0,0.0,1997.8174603174605,40.17948999537863
bocpd_total,0.19155299703478007,0.034413413796513144,0.6140000000000001,0.11760102040373632,0.501,0.11637224755069396,0.34,0.07480641683706016,0.3124378109452736,0.08453320487341141,0.6169026798972352,0.11194819803122379,0.23670085470085472,0.09706009022643489,0.05510964912280701,0.02644517716621343,0.03161148062463852,0.01939727565274069,0.27828978039504354,0.14555408364476993,0.5757020757020757,0.12608976394863006,0.3254089952686471,0.10481972815378486,0.272674649911492,0.035540337784025024,0.004980716253443526,0.00028255386016436574,0.5305175719367681,0.09570191523292586,0.0,0.0,730.3571428571429,86.14302152690803,0.3870646766169154,0.09310264375782339,0.7140143069271926,0.0865599683693788,0.3599603174603175,0.11395665397259999,0.10303947368421054,0.055110307100881425,0.04827814729130518,0.021165967155098078,0.3356634155318366,0.13916234767655528,0.6953894993894993,0.15266395638590377,0.39866793356301244,0.10904241365309092,0.3534120265699213,0.05789651520599207,0.010049586776859503,0.00030577271461182636,0.416630448594476,0.07984046678148436,0.2,0.4472135954999579,701.5873015873016,94.5897554101195,0.44278606965174133,0.09491932352407421,0.7702749428430009,0.0740354712067262,0.4168333333333333,0.1113372005316382,0.1431359649122807,0.0438966127135734,0.07977997879313668,0.051767264943070664,0.40769721506563605,0.12063739868400178,0.7695335775335775,0.1509084855860305,0.4543740503379844,0.10589868401916314,0.41006743256743255,0.08452772828734884,0.01990082644628099,0.0006370728162892475,0.3149383880892779,0.06336029840520783,0.0,0.0,734.7222222222223,97.71158123216973,0.5024875621890548,0.08864940139903213,0.8101517901336412,0.0558427480690032,0.49275152625152624,0.1307379939540636,0.19693859649122808,0.020804467537005298,0.13474792751108539,0.06948879569252188,0.5148880505459453,0.11784430939257105,0.7991062271062271,0.1406910869242114,0.5089536179948431,0.10031376622160863,0.4857681791892318,0.09960757603980852,0.029630853994490357,0.0008547939029220831,0.2701107532779208,0.045613518093271264,0.0,0.0,762.797619047619,93.98551608894273,0.5771144278606964,0.07166597159645736,0.8934824914951957,0.06580994690261241,0.5464755799755799,0.10124260742395239,0.26507456140350877,0.04823047908536612,0.2337466261808367,0.03497622538723097,0.6385142927248191,0.1225348365587165,0.8395506715506716,0.09441911667791107,0.5863197051220121,0.07825503193917906,0.5525888146940778,0.08871397163176366,0.04988429752066116,0.0010516057600736012,0.22708485681661789,0.03205008459912591,0.0,0.0,870.734126984127,73.96413844016068,0.7104477611940299,0.053049851791308764,0.9634945514255859,0.037805406099031734,0.6871037851037851,0.11191236855711356,0.4225833333333334,0.10309296640519283,0.44470671871987666,0.09618870825650451,0.7984753404490247,0.07784599475805436,0.9159804639804641,0.034549750534029165,0.7195699364825805,0.05212643500896431,0.6854348283295651,0.0695079735456699,0.10031955922865014,0.0014231523341895686,0.17509001896108856,0.017714077392193623,0.0,0.0,1191.8650793650793,56.45442752567058,0.853731343283582,0.02349396806590569,0.9896551724137931,0.0231317376982737,0.8609487179487179,0.07055194718650944,0.7008947368421052,0.07022559611018245,0.6335429920956237,0.08703849117851963,0.9248699546067968,0.03625594894575314,0.9728888888888889,0.03811613183643953,0.8629420058627162,0.008630141200517093,0.8295581173212753,0.0659562299995744,0.20059504132231404,0.002058350882141679,0.13552495370654755,0.008272677570259646,0.0,0.0,1951.7857142857142,28.159141604830243
cusum_total,0.4748841202838835,0.07830199606004735,0.8,0.08689073598491377,0.755,0.11051018052650168,0.6664,0.0953037250058989,0.3024875621890547,0.06519121723502366,0.6655509856145064,0.09006346807426324,0.2431080586080586,0.10427270246115218,0.05735964912280702,0.014678193657144149,0.016776315789473684,0.024183784573306315,0.17909535639798796,0.10144860398072655,0.5612210012210013,0.05869256219719048,0.3054631838268421,0.0842836107442635,0.2916284154442049,0.04256927838004567,0.005443526170798898,0.0002793122172041118,0.7806729693538921,0.04937182385572877,1.2,0.4472135954999579,744.4444444444445,66.56202666300828,0.3920398009950249,0.08825764076378477,0.8021635200854801,0.09940382531418546,0.33376984126984127,0.14086242414910732,0.11353947368421054,0.027796983011523682,0.0404942645074224,0.02828864253959682,0.2770943749233223,0.12880199077107343,0.702974358974359,0.05390521791144348,0.4000217301151904,0.11103833313580753,0.36693140193140195,0.04073811431627031,0.01058953168044077,0.0005276039501872884,0.698978353869384,0.05761309462592584,1.2,0.4472135954999579,701.4880952380952,91.71987800555006,0.4726368159203981,0.08443066044018477,0.8705238409503382,0.09240877366946805,0.43794627594627594,0.13186449097311712,0.13705263157894737,0.02878025927784048,0.08529737806053596,0.06225014608761816,0.4073107594160226,0.13885841383624503,0.8151697191697191,0.08765712995308053,0.4803568165009571,0.10373842807551427,0.4494132621764201,0.07607760512784473,0.020826446280991735,0.0008667841720414486,0.5956208499172824,0.05750195825939462,1.0,0.0,713.2936507936508,90.26210508471148,0.5303482587064676,0.07910291309194742,0.9003790432193336,0.06107277267619955,0.512098901098901,0.13435137925373533,0.20734210526315788,0.06588062107089596,0.10921655099286678,0.048106272037973345,0.5489643908722857,0.0945845252491384,0.8406935286935286,0.05911953655906335,0.5322030148349455,0.0877631111857277,0.5263698143961302,0.08377284592433427,0.03100826446280992,0.0009758445252942531,0.526529641889565,0.052391965845779966,1.0,0.0,747.4206349206349,85.5359248486876,0.5980099502487561,0.058168544887817024,0.9320876250186595,0.05283972416782022,0.5833925518925518,0.09821497622742066,0.2965877192982456,0.05165670979029616,0.18572272026219394,0.047515540339193904,0.6528025702367808,0.06433721305520995,0.8662173382173382,0.04485076912226688,0.5989130738203647,0.06379352516684661,0.5963156580261844,0.07099093536059871,0.05144903581267217,0.000916490463306182,0.4361728667291388,0.042031482397277276,0.8,0.4472135954999579,863.9880952380952,63.1651195945699,0.6955223880597015,0.05953542408617547,0.9534930586654724,0.05029571882198043,0.6930586080586081,0.08314399050700326,0.4339736842105263,0.03392624801992023,0.32058029689608636,0.0751364942240014,0.7628780211017053,0.08944551303549861,0.9335042735042733,0.05936154332863096,0.692267661006867,0.07340397405802472,0.7039563068510437,0.07430438283459595,0.10116804407713498,0.0015364888750906682,0.3154889692834067,0.03194995448130953,0.2,0.4472135954999579,1214.3849206349205,69.25232068817559,0.8119402985074627,0.035073744740327505,0.9939393939393939,0.013551927136362338,0.8316672771672773,0.10167572369949641,0.5939692982456141,0.07996774499324341,0.5231203007518797,0.1391225084641393,0.885708041958042,0.06517185840193031,0.992,0.017888543819998333,0.8191518285716144,0.028964146862283706,0.7944295616664038,0.1015794057610276,0.20093663911845733,0.001921672730203336,0.2153929956112514,0.018417682186682854,0.2,0.4472135954999579,1996.5277777777778,41.08837881577628
ewma_total,0.37565402197994036,0.05283099034200156,0.7799999999999999,0.09027735042633897,0.734,0.08648699324175856,0.644,0.08164557550780077,0.40597014925373137,0.0865728825240048,0.8193063772283373,0.09712778367172124,0.349528083028083,0.1404952986880961,0.10753947368421053,0.02461228087370397,0.04818657219973009,0.04238701888332323,0.2830890381548276,0.08928985279523846,0.7465641025641025,0.0863903956480322,0.4082824676791933,0.10857833557695959,0.3958012601433654,0.060295075374899886,0.005267217630853994,0.00021900393294051545,0.7256461132646134,0.06072575231126355,1.0,0.0,639.6825396825396,87.31398721462497,0.48955223880597015,0.07918110122321496,0.8871755800158704,0.07614055379682859,0.45489255189255184,0.15680428298679983,0.19460526315789473,0.045405223807734624,0.06421221322537111,0.05861673708014062,0.43246626180836706,0.1208058396788196,0.818041514041514,0.06693085982422153,0.4938372321238516,0.09419168793331165,0.47543263753790066,0.07458412554590052,0.010358126721763086,0.0004214065713713039,0.6450368654884298,0.05443856681914479,1.0,0.0,602.1825396825398,81.65487120186215,0.5621890547263682,0.06684093951514629,0.9355359008807284,0.05190161933300181,0.5522417582417583,0.11814773837798644,0.23771491228070177,0.049848571285935575,0.10484625024098708,0.05143330835781468,0.5968897987976935,0.10480680984276956,0.860884004884005,0.05974985263004659,0.5646685260362823,0.07525810048098223,0.5553481167954851,0.07462038889065073,0.02066115702479339,0.0004897076813947979,0.528527401449492,0.04983912349484604,0.6,0.5477225575051662,622.5198412698412,70.37535071338719,0.6109452736318408,0.06127689248836679,0.9389841767427974,0.05210015156267402,0.5922753357753358,0.10579368196338562,0.3123377192982456,0.06831196248820888,0.1742095623674571,0.05775790264043397,0.6633853208195314,0.052495855275479814,0.8915360195360196,0.05719706058690537,0.610857376069981,0.07919683197051276,0.6103915821021084,0.059489648429849974,0.030710743801652896,0.0009451886582145978,0.4660636622643553,0.046874797754348926,0.4,0.5477225575051661,664.3849206349207,69.49279071068001,0.6845771144278607,0.05044295265925004,0.9616965218689357,0.02851935244671655,0.6808919413919414,0.07027414758793814,0.42424999999999996,0.04827978355378159,0.2728491902834008,0.044115834291805135,0.7422799349773034,0.05526764612350003,0.935965811965812,0.05843549177348698,0.6870054842032787,0.05647324977322595,0.6781467216993533,0.08152498681104227,0.050898071625344356,0.0008947020563784677,0.37823384609907074,0.03384311437650168,0.2,0.4472135954999579,772.718253968254,58.007514177003095,0.7850746268656716,0.03892061137434418,0.9904911180773249,0.013815250893240061,0.7875842490842491,0.0901903956503294,0.554969298245614,0.06141027453327147,0.4409437054173896,0.10961760934978687,0.8659771807140227,0.07423167256878108,0.9946666666666667,0.011925695879998862,0.7999679795377861,0.030775089417810406,0.7449043062200957,0.09031874304507848,0.10096969696969697,0.0012603719754149187,0.2754594240547978,0.02134609182889441,0.2,0.4472135954999579,1123.313492063492,49.96224205794099,0.8736318407960197,0.02157162526236696,1.0,0.0,0.9084072039072039,0.042757120605257055,0.7096754385964912,0.04227469109929469,0.6179366685945633,0.12081272922608934,0.9500553613053613,0.044477763469533575,1.0,0.0,0.8763029093486578,0.02024390081728897,0.8674868114341798,0.04773409836364233,0.20095867768595044,0.0010716218034458275,0.19265265558289124,0.013496436275241365,0.0,0.0,1935.218253968254,30.149183299938947
pelt_total,0.20135553096571862,0.0433381308915035,0.5820000000000001,0.0898331787259028,0.5559999999999999,0.11070230349906908,0.4232,0.09332309467650546,0.31144278606965176,0.08642981040091131,0.6045431368389627,0.13541584782620833,0.2612503052503053,0.10469475115434063,0.0849561403508772,0.01577698092526057,0.00625,0.013975424859373687,0.2550496871549503,0.14217388675110468,0.5767619047619048,0.11478778605611482,0.32550592956058805,0.10210147545700801,0.27085546032914454,0.0646960461329778,0.0064132231404958676,0.00018106530826617087,0.553046082639095,0.09557837963387682,0.2,0.4472135954999579,744.2460317460318,86.85061188954462,0.4388059701492537,0.0923686474433779,0.7903317855767946,0.06845594478035669,0.4038272283272283,0.12097173742972599,0.1431359649122807,0.0438966127135734,0.08513712165027955,0.0507147560705797,0.44005704821494296,0.13374444317842357,0.7154041514041514,0.07815818782874266,0.44377629586420364,0.10155813798017467,0.4256907566118093,0.0857117471174019,0.018611570247933883,0.0006453575962246306,0.4058862355826879,0.07597049048072593,0.2,0.4472135954999579,727.0833333333334,97.03248208391393,0.5572139303482586,0.07991233036919904,0.8871755800158704,0.07614055379682859,0.5481465201465202,0.12260560428786908,0.23402192982456144,0.031202370597469286,0.19797088876036245,0.04618918394089967,0.5855571402281928,0.0818867976974148,0.8342173382173381,0.09606757282374703,0.5594109274399426,0.08579418350051649,0.55230659691186,0.10285253087388177,0.04499173553719008,0.0012199845120428475,0.2905074369585174,0.05141426620053142,0.2,0.4472135954999579,846.5277777777777,86.94758788410228,0.5572139303482586,0.07991233036919904,0.8871755800158704,0.07614055379682859,0.5481465201465202,0.12260560428786908,0.23402192982456144,0.031202370597469286,0.19797088876036245,0.04618918394089967,0.5855571402281928,0.0818867976974148,0.8342173382173381,0.09606757282374703,0.5594109274399426,0.08579418350051649,0.55230659691186,0.10285253087388177,0.04499173553719008,0.0012199845120428475,0.2905074369585174,0.05141426620053142,0.2,0.4472135954999579,846.5277777777777,86.94758788410228,0.6388059701492537,0.07023564772768477,0.9239273340090037,0.04440917470297978,0.6368901098901099,0.09745810565162466,0.32693421052631577,0.0688172297826529,0.29498264893001735,0.0663080887893882,0.722678045638572,0.0827419593423267,0.8582173382173381,0.07781990911846179,0.6446417933568191,0.07663915153488347,0.6226505950190161,0.08975385547872139,0.07947107438016529,0.001675963868941359,0.22573260225355085,0.033728628304906624,0.0,0.0,1075.595238095238,75.85280741163938,0.7353233830845771,0.034540407876039354,0.9669428272876548,0.032561342171235144,0.7200781440781441,0.11773922644972516,0.46977631578947376,0.0722915800183621,0.45810198573356475,0.13137717960971257,0.8302516562384984,0.0894266456080384,0.9237753357753358,0.0343169886131134,0.7430912516375198,0.027576488263077535,0.7155578193736088,0.07146661031718185,0.12496969696969698,0.0022046830406916864,0.1848520706574918,0.022873694764051437,0.0,0.0,1388.9880952380952,40.63284248003152,0.8597014925373134,0.0209310288238434,0.9870428422152561,0.017803753806047196,0.8423180708180709,0.051829179845764316,0.7283245614035088,0.09818752394483715,0.6335586562560247,0.18945254693501423,0.9237481597350019,0.0463565134293231,0.9808888888888889,0.026740638144873482,0.8657559200343116,0.010399063928119493,0.8454561666403771,0.06530992071529376,0.2620055096418733,0.002130885602576314,0.13080560618596646,0.011903147672497248,0.0,0.0,2498.710317460317,23.963005640566116
spatial_stouffer,0.19314905207203456,0.02659524076931731,0.674,0.10922453936730522,0.561,0.09522342148862328,0.3976,0.0540999075784793,0.37213930348258706,0.0899245989933855,0.7181300036926171,0.14170707225527604,0.29548107448107447,0.14063944633913492,0.1783421052631579,0.09596253885900438,0.013596491228070173,0.019392711376696615,0.28398540056434796,0.06564266505656705,0.604087912087912,0.09910731993600794,0.4355412665552854,0.11133864645259164,0.19382981054033685,0.06613395001981448,0.005796143250688705,0.0009789503400383104,0.5530684897682446,0.06597682656479649,0.2,0.4472135954999579,678.1746031746031,85.36892251003331,0.40597014925373137,0.088271662154097,0.7445354373394301,0.16399433670642333,0.32931807081807085,0.12460448270827904,0.19593859649122808,0.09955612668603765,0.036622807017543856,0.03594752468007787,0.3288018341307815,0.06740982795688946,0.6383443223443224,0.10145958911231326,0.47494038436510416,0.10742757250071264,0.2124965385491701,0.06333857448196045,0.009432506887052342,0.0014511396808282939,0.4677094226343952,0.059836587034255366,0.2,0.4472135954999579,677.1825396825396,81.65969227820122,0.45870646766169154,0.0750732915818465,0.7814686795358302,0.13947678813547554,0.3952087912087912,0.11532061542703767,0.20920175438596492,0.11548954542775139,0.05264844804318488,0.034290581648255006,0.4475128818549871,0.10511640191490804,0.6896312576312577,0.11208965392971464,0.5293886862521937,0.09265970710035328,0.2613901449427765,0.07617378773257419,0.01865564738292011,0.0016356307084061043,0.33713699436754796,0.058082717292193074,0.2,0.4472135954999579,707.6388888888889,75.95005754975787,0.5054726368159204,0.06698889971726336,0.8207895915336932,0.12539446858921988,0.45093467643467644,0.10056056239026465,0.24231140350877195,0.12125672432512644,0.10236890302679776,0.052889520004787166,0.5135793154214208,0.12312550220896266,0.7283174603174603,0.09696383545810923,0.577098758467689,0.07964583293974022,0.3056735369893265,0.07770940428267659,0.028231404958677687,0.0011865573743646777,0.2823577660638963,0.030616625686639,0.2,0.4472135954999579,747.2222222222222,65.43070510045001,0.5771144278606966,0.052769162775115515,0.8552904989747094,0.09936483969329184,0.5489224664224664,0.0450963958752037,0.2938114035087719,0.10463565752475901,0.195213996529786,0.0734312349467642,0.6020183106367317,0.09001306402295023,0.8154822954822954,0.05808759542851566,0.6396039443570969,0.06464879090753241,0.4011298788930368,0.09642760368489742,0.04717355371900826,0.0019273511648318852,0.23029153538235173,0.017998530817690567,0.0,0.0,846.3293650793651,44.39054581507352,0.7253731343283583,0.020331160937017447,0.9325404420141263,0.042135222766223106,0.6466227106227106,0.04120006745267414,0.46927631578947365,0.11722246131304397,0.5201296510507036,0.14296743216297456,0.7664847871426819,0.10862534388129615,0.883965811965812,0.09496141143523626,0.7811527206848707,0.029815275662351006,0.5694285977180714,0.07736758755271084,0.098831955922865,0.002029388911737597,0.1776628696116938,0.010014697295911342,0.0,0.0,1163.5912698412699,36.544110033534956,0.8537313432835821,0.03879321132262274,0.9834130781499202,0.024045409466965782,0.8415525030525031,0.05009112621722288,0.636188596491228,0.13348439438727253,0.7038124156545209,0.13315554292442397,0.9080218684823947,0.0468390395408748,0.9575384615384616,0.06699563803791876,0.8900448124539835,0.047207130225227184,0.7534407259407259,0.07930915075351862,0.193267217630854,0.003574776911796398,0.13614167436172003,0.00642058895587205,0.0,0.0,1885.8134920634923,56.11235117677342
stouffer,0.22759304651062648,0.023946411549206344,0.728,0.07758865896508334,0.6900000000000001,0.07681145747868608,0.4856,0.041506625977065406,0.4189054726368159,0.061276892488366826,0.7681320857001438,0.09439290133933191,0.37752442002442,0.1475578411123972,0.12270175438596491,0.09577755211464511,0.0356359649122807,0.04313755917103129,0.4055082198503251,0.028142147447693413,0.6995897435897436,0.11748425832136061,0.4246953441880462,0.08428408994187486,0.39983538391433127,0.07170304413394601,0.004980716253443526,0.00015387592334731615,0.6067746052912765,0.05459454899232073,0.2,0.4472135954999579,624.2063492063492,60.26285579221927,0.4815920398009951,0.047381366968394546,0.8510581312214706,0.0605056659452489,0.4631672771672772,0.1439937630847856,0.1512017543859649,0.09160834835905274,0.06154689608636976,0.06045758680167941,0.4698701079622133,0.06029074445658973,0.7571477411477412,0.1086175817255365,0.49025140413378027,0.059718985583030765,0.45563808998019517,0.08102513522402738,0.009796143250688704,0.00015777213292866502,0.48394648575089627,0.0441534158606258,0.2,0.4472135954999579,605.0595238095239,47.290325374474676,0.5552238805970149,0.037660081328906594,0.8882361860764764,0.06706539929455052,0.5308614163614164,0.13345052227724807,0.25967105263157897,0.11102341611837027,0.11964888181993445,0.06844174658720029,0.5709391485707276,0.0550518887425448,0.8399609279609279,0.07249498250662623,0.5571037451289336,0.0505930689422827,0.5500078430341588,0.08606079715022215,0.019647382920110194,0.0002931005196313039,0.3795970306409103,0.03113938247365579,0.0,0.0,620.3373015873016,36.13651698735397,0.617910447761194,0.028231365092758445,0.9165613092291858,0.03187321247266907,0.6122258852258853,0.08620867724514324,0.3147105263157895,0.13597149672794542,0.2124457779063042,0.1079627595129278,0.6547635259477365,0.06867535007088377,0.8968693528693528,0.04286828834894782,0.621185425909719,0.04636158197910502,0.6102635960530698,0.07528929954044158,0.029564738292011016,0.0003250221752893135,0.32894914308849044,0.025787233507009694,0.0,0.0,647.1230158730159,27.20407413715566,0.7054726368159204,0.041535585004461306,0.961761339084388,0.018234425588619787,0.6908962148962149,0.11294142777320945,0.4486929824561404,0.0960473762881821,0.3372457586273375,0.13548212284637512,0.7663581155686419,0.08322616470240331,0.9419975579975579,0.04129674654543775,0.7038593840059961,0.04684166415291623,0.7113888742836112,0.08059984987279252,0.049917355371900826,0.0006530727047454351,0.2646354175430532,0.015492841301031703,0.0,0.0,743.0555555555554,41.79784952067252,0.8029850746268657,0.026699319134325904,0.9728219451449942,0.01979835084126789,0.8078400488400488,0.07348313953902436,0.6140921052631579,0.07132677983871603,0.4932041642567958,0.14693503096801513,0.8678226597963441,0.04908209152574411,0.9689035409035409,0.02172336250777964,0.803296509638613,0.036068892869014296,0.8047633506844033,0.07053603211632849,0.09988980716253444,0.0007001798913024188,0.1945749357458185,0.009091612570660152,0.0,0.0,1095.734126984127,26.99388172772967,0.8796019900497513,0.023703739800142547,0.9894736842105264,0.023537557657892578,0.9054310134310134,0.05503581257599792,0.7043947368421053,0.09758358161935875,0.6535629940235204,0.144322399646792,0.9244718439455282,0.041204053474209267,1.0,0.0,0.884864486982092,0.03826549484155469,0.8668457857931543,0.0449096159278134,0.1994931129476584,0.0015941822910287042,0.13979880955021778,0.005908649401555468,0.0,0.0,1916.0714285714287,34.55600806478749
stouffer_cusum,0.47560566779047553,0.06258258244705103,0.8379999999999999,0.06870225614927068,0.8039999999999999,0.08317150954503585,0.7192000000000001,0.08667871711094947,0.3024875621890547,0.08109605346059688,0.6360882614058658,0.12479837614075838,0.24714774114774113,0.05598106819277871,0.042333333333333334,0.04918220093579474,0.012955465587044534,0.018252330492064536,0.16259001962949332,0.05362657188086653,0.6175873015873016,0.1270816292340797,0.30359373795941336,0.10389359264598012,0.29557030688609637,0.06343240493193995,0.005234159779614325,0.0003736820927341744,0.789987519382984,0.04971847518315921,1.2,0.4472135954999579,742.5595238095239,83.93935913258944,0.3761194029850746,0.07484214388514153,0.7187111587746797,0.13613358419381044,0.35288583638583637,0.11351881882802982,0.10602631578947368,0.080921929819807,0.04014844804318488,0.040610749699127334,0.2488564286590602,0.05302498432744569,0.6795409035409035,0.11589960517386765,0.3757846451508124,0.10338450488352095,0.3731435231435231,0.061163219178686286,0.01019283746556474,0.000354933849221078,0.7115344466070124,0.046725387788246836,1.0,0.0,713.7896825396825,76.76722302061799,0.4577114427860696,0.05918098136005133,0.8163829243956287,0.13874766380574607,0.423998778998779,0.10987758204264073,0.15782894736842107,0.09071924724847334,0.07503373819163292,0.07559372923169708,0.38525180959391486,0.030862549920634797,0.7779731379731379,0.018818033424277104,0.4644747271770774,0.09302977572742584,0.4352359920780973,0.08038484134960718,0.020539944903581266,0.00025067356839839793,0.6014953597420788,0.03841970269080373,1.0,0.0,725.5952380952381,60.26469307129655,0.4945273631840796,0.041565370296926175,0.8269740574005546,0.12654120182471737,0.46661172161172154,0.0934517326110466,0.18668859649122807,0.07458218557126109,0.11925486793907847,0.103655032003956,0.44637544473070784,0.03719528556183854,0.8131184371184371,0.048296025035100075,0.5054151371009896,0.0693972167290383,0.4618310636731689,0.08348169332658248,0.030214876033057853,0.0006709558535921071,0.5274774924086424,0.039431328075507976,1.0,0.0,775.9920634920635,44.45590262942172,0.5691542288557214,0.05546761684445266,0.8882361860764764,0.06706539929455052,0.5352698412698412,0.10960592734724607,0.2682982456140351,0.08893131105277143,0.21938741083477925,0.12591525441219795,0.5485090786406576,0.030667350642393527,0.8639609279609279,0.030624611197211375,0.5788088696689139,0.07404677541663163,0.5427182466656151,0.06324251857546884,0.04996143250688705,0.0009664671983071649,0.4330186270094651,0.03375018537863543,1.0,0.0,879.3650793650793,57.27115605508247,0.6577114427860697,0.04001806478047804,0.9371307972124668,0.029754532402998905,0.6352136752136752,0.11010167702008763,0.4066798245614035,0.08977901388123634,0.27853769037979564,0.13597445019953203,0.6893082137161084,0.039427793945537803,0.9184078144078145,0.05778696913196212,0.6660489318252,0.06415511830638192,0.6353480729796519,0.06609901213805958,0.09927272727272726,0.0016903020955367821,0.3114892999626437,0.025112292945181608,0.6,0.5477225575051662,1235.0198412698414,47.25389094160059,0.7830845771144279,0.0349323177742129,0.9659253934208563,0.02141179189846458,0.7579774114774115,0.10829386670659506,0.5392061403508772,0.0764194893100856,0.5435981781376518,0.10941257216503959,0.8547971107839529,0.0634709177718255,0.9713650793650792,0.026712356927040947,0.789513614380349,0.04867587804116032,0.7675624375624375,0.06182120061384584,0.1990633608815427,0.0015935156874908576,0.21321169494689546,0.014369993435825533,0.2,0.4472135954999579,2008.4325396825395,38.218594199915096
stouffer_or_spatial,0.23238412850473775,0.025197139457836283,0.728,0.07758865896508334,0.696,0.07643624794559188,0.4908,0.044330576355378015,0.42587064676616915,0.059556207966747925,0.8101206778702241,0.09746396410708313,0.37752442002442,0.1475578411123972,0.12270175438596491,0.09577755211464511,0.0356359649122807,0.04313755917103129,0.39498190406085143,0.048186877551571854,0.7091135531135532,0.11606973295681534,0.43425562887939345,0.07834498435212317,0.39983538391433127,0.07170304413394601,0.005002754820936639,0.00019634743450364173,0.6111739380922211,0.05018064291267171,0.2,0.4472135954999579,617.4603174603175,57.96295975569836,0.4875621890547264,0.051101091005408314,0.8745416047956883,0.07410290576938165,0.47116727716727713,0.15934509174735134,0.1512017543859649,0.09160834835905274,0.06154689608636976,0.06045758680167941,0.4698701079622133,0.06029074445658973,0.7666715506715507,0.1059753242506799,0.498334612672374,0.061791911479737886,0.45563808998019517,0.08102513522402738,0.009961432506887052,0.0001426135438627524,0.48534920965539696,0.04311541441138392,0.2,0.4472135954999579,600.5952380952381,50.0640789156201,0.5611940298507463,0.04314325052473394,0.8977450679991514,0.06684703330308149,0.5388614163614164,0.15070439133894528,0.2749342105263158,0.10571664241442547,0.11964888181993445,0.06844174658720029,0.5814654643602012,0.04909611136346485,0.8399609279609279,0.07249498250662623,0.5637098775147737,0.05742382157833849,0.5535792716055874,0.08568906154718291,0.019834710743801654,0.0004560040043318699,0.38129012356650727,0.031930828567539524,0.0,0.0,616.0714285714287,40.10961896411773,0.6348258706467662,0.0408142175164053,0.926070191151861,0.024709801374677865,0.6323925518925518,0.11750764933492157,0.3439736842105263,0.12086177746532427,0.2124457779063042,0.1079627595129278,0.6795089559563243,0.08412938236678529,0.9075360195360196,0.0442349367017521,0.6424829665618476,0.056368215328854075,0.6138350246244982,0.07446443191023792,0.02984022038567493,0.0007610488881468653,0.3308851996213303,0.026548734663400797,0.0,0.0,632.7380952380952,37.79228079621945,0.7233830845771145,0.04727677221175962,0.9652096149464571,0.023936548560158373,0.7249517704517705,0.13537945221868442,0.47269298245614033,0.09686856840314732,0.3372457586273375,0.13548212284637512,0.7972253404490247,0.09061724084728152,0.9499975579975579,0.03981796221916644,0.7280599181654002,0.05202734274279963,0.7113888742836112,0.08059984987279252,0.05111845730027549,0.0014059846089464773,0.26544258280901517,0.01602382455525842,0.0,0.0,736.0119047619048,46.463640771104274,0.817910447761194,0.02976771204308776,0.9762702210070631,0.023175174739648363,0.8530958485958486,0.06657557990380958,0.6380921052631578,0.06649799400261024,0.4900243396953924,0.13767139911493972,0.8826245245982088,0.04381092611723863,0.9742368742368741,0.02594591682578453,0.8234872879067012,0.03916639121402291,0.8047633506844033,0.07053603211632849,0.10144352617079891,0.0013869641133943428,0.19594184054938663,0.009083582700640174,0.0,0.0,1094.8412698412699,31.1186297654753,0.8905472636815921,0.025611020251211456,0.9894736842105264,0.023537557657892578,0.9477997557997557,0.023838271052266706,0.7141447368421053,0.07833299873703124,0.670229660690187,0.11867297389579816,0.9446718194086614,0.04141383517035406,1.0,0.0,0.9023431203572871,0.04047595857679258,0.8594908600171758,0.049412419351728715,0.20180716253443526,0.002338971140631357,0.14109641755117863,0.006659414311723433,0.0,0.0,1925.9920634920636,43.99664575272249
z_total,0.21602566683292324,0.03321791470745263,0.6599999999999999,0.09192388155425123,0.567,0.08757853618324525,0.442,0.06551335741663683,0.3731343283582089,0.09207341056378979,0.7273379373197886,0.07757030662341906,0.3393888888888889,0.12810230527700878,0.10948245614035088,0.0358178475847129,0.03646978021978022,0.047210851043859324,0.2964424610477242,0.13512110154158455,0.6545934065934066,0.09530685598928143,0.3808824207492019,0.10748440961842995,0.34894438894438895,0.05702094577276254,0.005134986225895317,0.00016711571226559927,0.5756837383222895,0.07727500814267022,0.2,0.4472135954999579,671.2301587301588,92.18613546888892,0.45273631840796025,0.08773727407238008,0.8354886432381896,0.06582986884018582,0.42306532356532356,0.13870785381761305,0.1528421052631579,0.028635521206924856,0.061579429342587234,0.03178613414032906,0.4096144644828856,0.08397348393260952,0.7547692307692307,0.07057796524533878,0.46002132166119447,0.09370111237154105,0.4320672748304327,0.07856119677333283,0.010082644628099173,0.0003212645672091078,0.4788371627037463,0.07568791140906106,0.2,0.4472135954999579,636.4087301587302,90.03898516313002,0.5482587064676616,0.06870356754608574,0.9155007031685798,0.04889399059686271,0.5035494505494504,0.11380432333372043,0.20746491228070174,0.03666625220113272,0.1378337671100829,0.02928167856764856,0.6124616611458716,0.08829671105692137,0.8422173382173381,0.08040293392594067,0.551205638036844,0.07039218794585962,0.5404022293495977,0.07770587387646724,0.02008815426997245,0.0005462609171546189,0.3827949220326599,0.04712867142441561,0.2,0.4472135954999579,631.25,72.71781410248312,0.617910447761194,0.06167950452286549,0.9461270338856546,0.04632311302144461,0.6248327228327228,0.10840205156784785,0.27383771929824563,0.057781633772736124,0.1820874301137459,0.047440468306267504,0.7239134768740032,0.0756314562604294,0.8773284493284492,0.06970395066212631,0.6230043482712186,0.06747307064938442,0.6032655940550677,0.07593148693800793,0.030082644628099175,0.0005109431677959068,0.32759109861570646,0.03975311870832603,0.0,0.0,651.7857142857143,65.65819161462106,0.6885572139303482,0.0509312791724168,0.9606359158083297,0.041255025897131786,0.7258577533577534,0.10004382144441101,0.3618464912280702,0.09825337287266857,0.27264555619818776,0.061557897772942606,0.7993971598576862,0.07974269559505963,0.9117899877899879,0.043627077242729836,0.6949633665718017,0.05818396884693781,0.6697488476435846,0.052352772884404104,0.049840220385674934,0.0008999456524119197,0.2676893112583202,0.027370844420065613,0.0,0.0,759.2261904761905,57.692991574106884,0.8029850746268657,0.04621780761191478,0.9965517241379309,0.007710579232757902,0.8338931623931625,0.08244051696679819,0.5902719298245614,0.1113761466604807,0.4944524773472142,0.09958345365418163,0.8588872530977794,0.08250927093640498,0.9808888888888889,0.026740638144873482,0.8133878098036792,0.041430617561516746,0.7740642690642691,0.06517334831131348,0.09983471074380165,0.0008419122198311897,0.1950852237918646,0.015822888654338462,0.0,0.0,1095.2380952380952,48.83709014761897,0.9164179104477611,0.037296845400977774,1.0,0.0,0.9696886446886447,0.03051045134134327,0.8415438596491228,0.09815216420253989,0.7136639676113361,0.14346358216162358,0.95131993006993,0.03832102930164767,0.9973333333333333,0.005962847939999415,0.9212380527594718,0.03177623644402104,0.9056830012093171,0.07581776525464261,0.20066115702479337,0.0019326988117675376,0.14248036074885834,0.010358297295850832,0.0,0.0,1889.8809523809523,48.53893045694621
