MAE,WAPE,R2,R2_change,category,h,model,n_forecasts,n_origins,MAE_vs_base_%,DM_stat,DM_p,share_MO_better,wilcoxon_p
982.0742935847604,0.032045044923892964,0.9858060664202597,0.8265780455856536,Все категории,1,chronos_bolt,24192,12,-63.54311582584795,-1.6884092299204736,0.11944565431110164,1.0,0.0
2347.716411328189,0.07660589261018005,0.9249559886505553,0.0831097636042859,Все категории,1,chronos_bolt_raw,24192,12,-12.847301023300217,-0.3882153062609341,0.7052646983534309,0.7986111111111112,4.7962429919391284e-191
960.5827425168778,0.03134377647205257,0.9871491077844591,0.842987369817747,Все категории,1,ensemble,24192,12,-64.34093223660511,-1.7289821064650244,0.11173738916716884,1.0,0.0
923.0006535121839,0.030117474410837664,0.9880875493684922,0.8544532804261367,Все категории,1,ensemble_fm,24192,12,-65.73606687643523,-1.7640046085653194,0.10544634326993489,1.0,0.0
1278.4370062013907,0.041715348384236045,0.9767958487614368,0.7164909053779475,Все категории,1,factor_national,24192,12,-52.54144196269892,-1.3783471712417095,0.19548394101310781,0.9970238095238095,0.0
1043.4370503067148,0.03404730922166957,0.9827291189909553,0.7889837991547825,Все категории,1,factor_panel,24192,12,-61.265187435875404,-1.6651763746624295,0.12407039307383191,0.9975198412698413,0.0
1026.9796333536542,0.03351030436466732,0.9838459691727945,0.8026295119682503,Все категории,1,factor_region,24192,12,-61.87612506817346,-1.6867494285509683,0.11977088197533943,0.9995039682539683,0.0
1061.4964959413278,0.03463658821048145,0.9846530667195168,0.812490656743183,Все категории,1,lgbm,24192,12,-60.59477876918764,-1.652260778042667,0.12670968249763703,1.0,0.0
1075.8190871440254,0.035103933788626744,0.9843920628290781,0.809301702494853,Все категории,1,lgbm_no_events,24192,12,-60.063090838894205,-1.6350832057608515,0.13029700695520605,1.0,0.0
2237.882275132275,0.07302200913866826,0.9169786402114758,-0.014357745988971216,Все категории,1,naive,24192,12,-16.9245998670021,-0.6417928172549672,0.534153176622124,0.9196428571428571,4.229949159553155e-287
1805.3260011167645,0.05890771521662451,0.9483314052253196,0.3687113838226126,Все категории,1,prophet,24192,12,-32.9820958055466,-1.0387414788265361,0.3212192986609064,0.9672619047619048,2.1244266878925634e-306
2693.7965649874477,0.08789847418341065,0.7895495613750352,-1.5712904860842491,Все категории,1,prophet_log_y,24192,12,,,,,
4079.2546709656085,0.13310591677330266,0.8329695926144287,-1.040783094601485,Все категории,1,snaive,24192,12,51.43143042001081,1.086300951796217,0.30057742624383305,0.14285714285714285,1.0
1057.8189085092026,0.03451658867964776,0.9839375682234534,0.8037486722277032,Все категории,1,snaive_drift,24192,12,-60.731299376568494,-1.6175712993702485,0.1340463161114154,0.9925595238095238,0.0
1103.1930802706725,0.03542667054724284,0.9823175282853958,0.7853163091801303,Все категории,2,chronos_bolt,22176,11,-69.85866340161004,-1.135348301414771,0.28270853313908567,0.9985119047619048,0.0
2732.4008085352684,0.08774516898098085,0.9046149601252186,-0.1580740939291716,Все категории,2,chronos_bolt_raw,22176,11,-25.34560453228415,-0.44374283520378405,0.6666757746912996,0.7247023809523809,2.3644106581572675e-129
1001.4165200960314,0.03215833544686857,0.9862831910737248,0.8334636008985348,Все категории,2,ensemble,22176,11,-72.63939291570152,-1.198836396887197,0.2582286690112185,1.0,0.0
950.0367319444376,0.030508384173436865,0.9873518250742562,0.8464379347514321,Все категории,2,ensemble_fm,22176,11,-74.04318660941394,-1.2149800935633115,0.2522817206583969,1.0,0.0
1517.2790262634203,0.048724149156634776,0.9667479171563106,0.596284954527293,Все категории,2,factor_national,22176,11,-58.545046499872555,-0.9945992268790554,0.3433881194279929,0.9871031746031746,0.0
1122.0145718829028,0.03603108222682896,0.9801984375542023,0.7595883325319872,Все категории,2,factor_panel,22176,11,-69.34442439475477,-1.1198305895761722,0.2889608319456792,0.9875992063492064,0.0
1047.049250956362,0.033623732349071116,0.9833892368114956,0.7983279709873546,Все категории,2,factor_region,22176,11,-71.39261977565654,-1.1662845231861558,0.27056073530422736,0.9940476190476191,0.0
2512.38271103896,0.08067976148901175,0.9104110412787083,-0.0877036098471895,Все категории,2,naive,22176,11,-31.35691810283927,-0.6866899888322548,0.5078882120976652,0.8447420634920635,5.660934336267254e-232
1764.1771764143205,0.05665275166561133,0.9536740986718775,0.43755513153376835,Все категории,2,prophet,22176,11,-51.7993186827689,-0.8886525521209583,0.39506299134496903,0.9761904761904762,0.0
3660.066887443873,0.11753516779722105,-0.557046603966485,-17.904173416094764,Все категории,2,prophet_log_y,22176,11,,,,,
4239.755456349207,0.13615061809135562,0.8259710403373398,-1.1128934898317926,Все категории,2,snaive,22176,11,15.838196042099572,0.23930885983686354,0.8156995401932104,0.2876984126984127,1.0
1195.0523334315099,0.03837653268528881,0.9806094413736814,0.76457834853942,Все категории,2,snaive_drift,22176,11,-67.3488936081681,-1.1501523954954,0.27684295723965696,0.9965277777777778,0.0
1399.0489293863473,0.044435200939379575,0.9725904355296735,0.6629206580066105,Все категории,3,chronos_bolt,20160,10,-76.16257271410507,-0.9231196918994904,0.3800275968903706,0.9875992063492064,0.0
3032.1948449997667,0.09630555757904315,0.8822845156421887,-0.4476500731239641,Все категории,3,chronos_bolt_raw,20160,10,-48.33652875453698,-0.5677839320472144,0.5840659130336624,0.6329365079365079,3.2966552939141246e-57
1221.2361895453218,0.038787689506106685,0.9806074312188994,0.7615126525862279,Все категории,3,ensemble,20160,10,-79.19220103334143,-0.9507172597525836,0.3665788950332167,0.9995039682539683,0.0
1176.3461897081436,0.037361937968018136,0.9813415450638266,0.7705406913959736,Все категории,3,ensemble_fm,20160,10,-79.95705069978729,-0.9639333441383404,0.3602630625906353,0.9995039682539683,0.0
1808.087736922766,0.05742668481325469,0.957929450256332,0.4826217235137692,Все категории,3,factor_national,20160,10,-69.19324331685854,-0.7900923098755412,0.4497892175186798,0.9732142857142857,0.0
1356.6239847747395,0.04308774203421768,0.9721134786016816,0.6570551022944527,Все категории,3,factor_panel,20160,10,-76.88542200911215,-0.920742209111037,0.38120265440491696,0.9821428571428571,0.0
1293.1181157519059,0.04107073176989671,0.9769765367197025,0.7168603732710397,Все категории,3,factor_region,20160,10,-77.96745459801049,-0.9358925538389334,0.373759431645475,0.9910714285714286,0.0
1739.7806445372487,0.055257182866624024,0.9623284954669746,0.5367206226994126,Все категории,3,lgbm,20160,10,-70.35708063065775,-0.799296632509507,0.4447002892535274,0.9702380952380952,0.0
1777.3527697518498,0.056450511347539,0.9615631256060074,0.5273082013748892,Все категории,3,lgbm_no_events,20160,10,-69.71691516970249,-0.7910065074235606,0.449282043689805,0.966765873015873,0.0
2499.336309523809,0.07938143462751547,0.9034877811842674,-0.18689500695819095,Все категории,3,naive,20160,10,-57.415536876610275,-0.7238040417186979,0.48757191751525764,0.8819444444444444,8.74855350585899e-252
1754.5095080415608,0.05572498638348163,0.9557742188802013,0.45611696183117667,Все категории,3,prophet,20160,10,-70.10612571020197,-0.7967342641116474,0.4461131006793774,0.9756944444444444,0.0
5869.127203228815,0.18640938221413164,-58.635257164055,-732.3868170808906,Все категории,3,prophet_log_y,20160,10,,,,,
4344.625,0.13798965913646044,0.8243320853781275,-1.1603416987598094,Все категории,3,snaive,20160,10,-25.974938869788545,-0.29983607322675704,0.7711117511680574,0.3402777777777778,1.0
1423.5150352549908,0.04521226906590618,0.9740638397060462,0.6810403953997266,Все категории,3,snaive_drift,20160,10,-75.74571165416444,-0.9245269676384263,0.3793332906681329,0.9950396825396826,0.0
1453.8377185456275,0.04602219572991822,0.9697256508940175,0.58193192179061,Все категории,4,chronos_bolt,18144,9,-89.37194445948441,-0.7528868912394937,0.473088549584837,0.9925595238095238,0.0
3455.82410679839,0.10939640059025874,0.8661664089659337,-0.8481504592419802,Все категории,4,chronos_bolt_raw,18144,9,-74.73673294014674,-0.6255066149142037,0.5490623182513735,0.6502976190476191,7.027820425932326e-80
1249.3109033488236,0.039547763954671425,0.9797944790431746,0.7209755596704048,Все категории,4,ensemble,18144,9,-90.8671060746411,-0.7615764685561295,0.46816682356163686,1.0,0.0
1199.5494585100823,0.03797253246565554,0.9805775315741809,0.7317889801548152,Все категории,4,ensemble_fm,18144,9,-91.23087941246007,-0.7674049360163031,0.464884684426806,1.0,0.0
1873.7423912178367,0.059314556209435626,0.9564166505267253,0.3981437192114704,Все категории,4,factor_national,18144,9,-86.30229636468421,-0.7014498457060889,0.5029133993383346,0.9811507936507936,0.0
1364.1151503504268,0.04318196841830244,0.9705329377577304,0.5930800018531955,Все категории,4,factor_panel,18144,9,-90.02784740233159,-0.7555425042363361,0.47158081932572454,0.9871031746031746,0.0
1308.976328086189,0.04143651248591648,0.9762369824769931,0.6718489625153857,Все категории,4,factor_region,18144,9,-90.43093122522838,-0.7585186097166824,0.46989489971909304,0.996031746031746,0.0
2546.614252645503,0.08061476056701475,0.9111872020420329,-0.2264440643365968,Все категории,4,naive,18144,9,-81.38337080395705,-0.701548420696836,0.5028551210794527,0.9583333333333334,8.397456153716547e-308
1868.5067226633473,0.05914881765421866,0.9525486343255807,0.3447290580395882,Все категории,4,prophet,18144,9,-86.34057090900166,-0.7121754969258436,0.49659741056379003,0.9871031746031746,0.0
13679.244646430396,0.43302554784810243,-1745.6269786161404,-24118.7253074692,Все категории,4,prophet_log_y,18144,9,,,,,
4407.435681216931,0.1395202951474567,0.8251398620979792,-1.4146990428171047,Все категории,4,snaive,18144,9,-67.78012386548659,-0.568178187227172,0.5855040853395136,0.4156746031746032,0.9999912493693622
1424.4620899557412,0.04509229075400003,0.9741263253835877,0.6427022300221459,Все категории,4,snaive_drift,18144,9,-89.58669044399717,-0.7496812166080158,0.47491280156355514,0.9975198412698413,0.0
1588.5384274909327,0.04996302087035452,0.9632995558941281,0.5473516955368453,Все категории,5,chronos_bolt,16128,8,-95.09040795201862,-1.3939710944612242,0.2059768985031999,0.9935515873015873,0.0
4283.549253372919,0.13472702771408676,0.8047340256725513,-1.4083308622558066,Все категории,5,chronos_bolt_raw,16128,8,-86.76111387200527,-1.2526411600435814,0.2505609207857643,0.558531746031746,9.011349647137522e-26
1400.9158440284702,0.04406187873173393,0.9753380422687872,0.6958294749902104,Все категории,5,ensemble,16128,8,-95.6702808262581,-1.4001258353084294,0.20420494206905063,0.9995039682539683,0.0
1328.4138619098032,0.04178153223016482,0.976548377131387,0.7107572513900826,Все категории,5,ensemble_fm,16128,8,-95.89435797082861,-1.405739529055114,0.20260059793744828,0.9995039682539683,0.0
2097.648403117507,0.06597564725529691,0.9480476517445716,0.35924093226608966,Все категории,5,factor_national,16128,8,-93.51693497545853,-1.3635347670991365,0.21494158836032717,0.9737103174603174,0.0
1480.6009774682698,0.046568151111557994,0.9666540673201895,0.5887248708839548,Все категории,5,factor_panel,16128,8,-95.42400318468017,-1.3980718583488407,0.20479477086291734,0.9925595238095238,0.0
1471.7607543844404,0.0462901066885889,0.9715381790755846,0.6489635126429085,Все категории,5,factor_region,16128,8,-95.45132508524212,-1.39806972966973,0.20479538292897895,0.9965277777777778,0.0
2821.2327628968255,0.08873396385845166,0.891492550646823,-0.3382866111824214,Все категории,5,naive,16128,8,-91.28060001664527,-1.3458532773008443,0.2203061332186249,0.9657738095238095,0.0
2020.0170427383453,0.06353397054688742,0.9465610089241081,0.3409052862427365,Все категории,5,prophet,16128,8,-93.75686515466957,-1.3641662610739516,0.21475214025158781,0.9945436507936508,0.0
32355.813109646708,1.0176613531647136,-27956.558045008616,-344816.11473291524,Все категории,5,prophet_log_y,16128,8,,,,,
4359.586495535715,0.13711856590501642,0.8316546141204944,-1.076303307467657,Все категории,5,snaive,16128,8,-86.52611052993154,-1.2625255486829428,0.24719139798951176,0.5372023809523809,2.4763436826816075e-17
1576.9985703360442,0.04960006702933144,0.9690967899640465,0.6188524153852126,Все категории,5,snaive_drift,16128,8,-95.12607343542273,-1.390779589867074,0.20690110644001292,0.9985119047619048,0.0
1586.5150035730735,0.049577063790756895,0.9630004033992032,0.6241360867136141,Все категории,6,chronos_bolt,14112,7,-97.6958627676483,-2.047473777804168,0.08654418035185159,0.9975198412698413,0.0
4956.007780667605,0.15487046346002517,0.7413162090086807,-1.6278638395657787,Все категории,6,chronos_bolt_raw,14112,7,-92.80226028399167,-1.8813692340800257,0.10894800624570623,0.5262896825396826,5.386297050249875e-13
1420.878774068678,0.04440109136206525,0.9751266902968397,0.7473221229332884,Все категории,6,ensemble,14112,7,-97.93642059569775,-2.050922754323875,0.08613192883214996,1.0,0.0
1304.19424845766,0.040754812469912804,0.9774098669453861,0.7705159895882627,Все категории,6,ensemble_fm,14112,7,-98.10588458393244,-2.0549551756182844,0.08565246827518481,1.0,0.0
2266.4884342558607,0.07082557771785991,0.9406935043572249,0.3975293358978027,Все категории,6,factor_national,14112,7,-96.70831957069296,-2.037537285880538,0.08774311293130195,0.9786706349206349,0.0
1431.2294285098696,0.04472453933094756,0.9685654378587223,0.6806690173857122,Все категории,6,factor_panel,14112,7,-97.92138806954866,-2.0493573420223794,0.08631879263714597,0.9950396825396826,0.0
1487.4017962506027,0.04647987164894535,0.971578754989245,0.7112800854162964,Все категории,6,factor_region,14112,7,-97.8398074707839,-2.0498365691482796,0.08626154342635214,0.9985119047619048,0.0
1487.4017962506027,0.04647987164894535,0.971578754989245,0.7112800854162964,Все категории,6,lgbm,14112,7,-97.8398074707839,-2.0498365691482796,0.08626154342635214,0.9985119047619048,0.0
1487.4017962506027,0.04647987164894535,0.971578754989245,0.7112800854162964,Все категории,6,lgbm_no_events,14112,7,-97.8398074707839,-2.0498365691482796,0.08626154342635214,0.9985119047619048,0.0
3262.5866638321995,0.10195268673249054,0.8595748552773326,-0.42652215884246236,Все категории,6,naive,14112,7,-95.26166006058594,-1.9547119926967937,0.09841396995810064,0.9211309523809523,1.5838270011131305e-301
2159.467713819842,0.06748128341743424,0.9412285998642059,0.40296515438538927,Все категории,6,prophet,14112,7,-96.86374856193123,-2.000224717780312,0.09239753594774691,0.9930555555555556,0.0
68855.05695135187,2.151654124357697,-152399.40645933684,-1548172.991632346,Все категории,6,prophet_log_y,14112,7,,,,,
4352.150510204081,0.1360005061316301,0.8352962523503024,-0.6731586506868985,Все категории,6,snaive,14112,7,-93.67925799076893,-1.960972804671571,0.09756349190277215,0.6383928571428571,1.4887003145271446e-64
1643.043236401789,0.05134351654954979,0.9671919851717086,0.6667166679256762,Все категории,6,snaive_drift,14112,7,-97.61376533670919,-2.0444159214859488,0.08691135773877763,0.9975198412698413,0.0
1723.2558398887727,0.053567028859164326,0.959319280915457,0.5689409785757935,Все категории,7,chronos_bolt,12096,6,-98.40773382534186,-1.914066977471641,0.11379113367008553,0.9935515873015873,0.0
5441.321869138687,0.16914229381922027,0.7036553118958973,-2.140112911793464,Все категории,7,chronos_bolt_raw,12096,6,-94.97228875880886,-1.8084964773214716,0.1303243582350267,0.5282738095238095,4.893841333556463e-15
1544.297914640163,0.04800416110356328,0.9720914849449575,0.7042771745497396,Все категории,7,ensemble,12096,6,-98.57308864060758,-1.917979950495089,0.11322155765307482,0.9985119047619048,0.0
1402.4132341818056,0.043593707010294865,0.9758178018552517,0.7437617893012571,Все категории,7,ensemble_fm,12096,6,-98.7041882557469,-1.9205936674040187,0.11284274549668169,0.9995039682539683,0.0
2271.257354936983,0.07060153545532243,0.9424538717738074,0.3902325652508022,Все категории,7,factor_national,12096,6,-97.90138749192164,-1.9085493272059266,0.11459932455547428,0.9811507936507936,0.0
1541.6771328749842,0.04792269467867191,0.967874994322814,0.6595986053816714,Все категории,7,factor_panel,12096,6,-98.5755102091636,-1.9176161988503488,0.11327438119120864,0.996031746031746,0.0
1609.5894456504636,0.050033733988175434,0.9688133412937721,0.6695414710969252,Все категории,7,factor_region,12096,6,-98.51276010788892,-1.9178071027847527,0.11324665519459826,0.9995039682539683,0.0
3304.951140873016,0.10273367949398604,0.8494915065349787,-0.5948106466415592,Все категории,7,naive,12096,6,-96.94626776320715,-1.8528161024702998,0.12310225409090447,0.9474206349206349,0.0
2197.3930511136055,0.06830547981286812,0.9400363134728184,0.36461575367737487,Все категории,7,prophet,12096,6,-97.9696371561736,-1.8849564501652505,0.11812245501969697,0.9905753968253969,0.0
108226.61859652765,3.364200641307072,-281915.90180183435,-2987232.916910199,Все категории,7,prophet_log_y,12096,6,,,,,
4284.697668650793,0.13318888487517058,0.8429890768525689,-0.6637113701010997,Все категории,7,snaive,12096,6,-96.0409946053805,-1.864167900316556,0.12131923213370936,0.7043650793650794,9.924494815190562e-127
1771.9569200012543,0.055080891225663633,0.9625517461537043,0.6031926666910139,Все категории,7,snaive_drift,12096,6,-98.36273465531879,-1.9130894522095465,0.11393388501191404,0.9970238095238095,0.0
1850.2727264462012,0.0573808731928334,0.958641060988664,0.4952970445631806,Все категории,8,chronos_bolt,10080,5,-98.66763196810221,-1.796990527440933,0.1467514407434183,0.9955357142857143,0.0
5895.266103302486,0.18282467869551922,0.6651635768453251,-3.0860074362095853,Все категории,8,chronos_bolt_raw,10080,5,-95.75486144107131,-1.7164138811054546,0.1612253864046478,0.6433531746031746,4.368825848094909e-81
1650.7673102546935,0.05119378800039476,0.9699291461550014,0.6330454994524974,Все категории,8,ensemble,10080,5,-98.81129437793223,-1.7981426420183027,0.14655479970243507,0.9990079365079365,0.0
1475.2683941042224,0.04575119518195563,0.9759648896882466,0.7066996519115961,Все категории,8,ensemble_fm,10080,5,-98.93766988040247,-1.8006600552882508,0.146126110347123,0.9995039682539683,0.0
1996.8505252395964,0.06192656095293075,0.95655256457443,0.46981113177431233,Все категории,8,factor_national,10080,5,-98.562082353439,-1.7961639545836283,0.14689269242919747,0.9890873015873016,0.0
1669.1893712194,0.051765095099644276,0.9677919947145996,0.6069658495879022,Все категории,8,factor_panel,10080,5,-98.79802878483332,-1.7987238945513433,0.14645569928482843,0.9995039682539683,0.0
1750.2776881584373,0.05427981542448849,0.9666709811606331,0.5932861259949787,Все категории,8,factor_region,10080,5,-98.73963767323895,-1.798632658232378,0.14647124984761525,0.9990079365079365,0.0
3511.1301587301587,0.10888757723224553,0.8510737253747592,-0.8173466907589877,Все категории,8,naive,10080,5,-97.47166052200885,-1.748658587177655,0.15525928511750017,0.9841269841269841,0.0
2402.279108446181,0.07449975937347374,0.9303405648753974,0.14994621182593537,Все категории,8,prophet,10080,5,-98.27013615774514,-1.7749690174716057,0.15056465032987534,0.9925595238095238,0.0
138870.9937606898,4.30668342523212,-309096.84153461765,-3771918.6350492556,Все категории,8,prophet_log_y,10080,5,,,,,
4248.84365079365,0.13176563392934745,0.8474415787940545,-0.8616697599111964,Все категории,8,snaive,10080,5,-96.94043836244487,-1.7627734098340422,0.1527217065897427,0.876984126984127,1.1870092565966849e-275
1850.7136334133013,0.057394546651025474,0.9595065391122621,0.5058584703948785,Все категории,8,snaive_drift,10080,5,-98.66731447417843,-1.7943651198998627,0.14720059430699625,0.9970238095238095,0.0
2316.926103956031,0.07177561815330966,0.9428709893834204,0.5462179493398013,Все категории,9,chronos_bolt,8064,4,-98.67528854085113,-1.6468896219065088,0.19813591077402,0.9935515873015873,0.0
6323.87547859313,0.1959061494561989,0.5979831633569973,-2.1932642025984066,Все категории,9,chronos_bolt_raw,8064,4,-96.38429974161926,-1.5802653819585604,0.21217656958993447,0.7485119047619048,3.7249243271122005e-151
1911.4913077117324,0.059215729829030186,0.9617741863362784,0.6963681337158651,Все категории,9,ensemble,8064,4,-98.90709745336045,-1.6491241136049946,0.19768343266658117,1.0,0.0
1774.3173034274228,0.054966242141330536,0.9672282292747878,0.7396902000760922,Все категории,9,ensemble_fm,8064,4,-98.98552722074167,-1.6521883548337435,0.19706482561599775,1.0,0.0
2238.587853215964,0.06934879221254416,0.9481168121970712,0.5878861002159811,Все категории,9,factor_national,8064,4,-98.72007873863423,-1.6453101055094403,0.1984564624271476,0.9930555555555556,0.0
2098.262362327288,0.06500167521386041,0.9523172975715228,0.6212510201824687,Все категории,9,factor_panel,8064,4,-98.80031038066784,-1.6512187385909398,0.1972603347226587,0.9990079365079365,0.0
2191.398393304037,0.0678869188063461,0.9505750567526597,0.6074122086400517,Все категории,9,factor_region,8064,4,-98.74705949481357,-1.6494889485129967,0.19760966532461244,0.9995039682539683,0.0
4665.886532738095,0.14454362163241222,0.7975896302055439,-0.6077679569259224,Все категории,9,naive,8064,4,-97.33226133261095,-1.6097080150199683,0.2058386784248824,0.9761904761904762,0.0
3061.185148130717,0.09483187914955732,0.8915495105792853,0.13856576626671246,Все категории,9,prophet,8064,4,-98.24975555440415,-1.6297442036484813,0.20164687360203012,0.9925595238095238,0.0
174900.4349554469,5.418207690256212,-357114.31477189634,-2836605.44758871,Все категории,9,prophet_log_y,8064,4,,,,,
4194.140625,0.1299294938527726,0.8530024079523157,-0.1676181337919207,Все категории,9,snaive,8064,4,-97.60198387953216,-1.6224775168575305,0.20315597790779444,0.9523809523809523,0.0
1952.3137712136788,0.06048036125054605,0.9553683514681959,0.6454858787764541,Все категории,9,snaive_drift,8064,4,-98.88375705199876,-1.6452164262745128,0.1984754923114598,0.9970238095238095,0.0
2162.5723176406154,0.06525236870725036,0.9503395266263283,0.714456237856901,Все категории,10,chronos_bolt,6048,3,-99.09725865177383,-1.5085161625412833,0.2704578877299947,0.9940476190476191,0.0
7419.319064185733,0.22386679935918494,0.49271301280550484,-1.9168597270470258,Все категории,10,chronos_bolt_raw,6048,3,-96.90288919344418,-1.4593757401826866,0.28186880431243155,0.6592261904761905,6.882180762860464e-90
1721.8984036874315,0.051955695815260224,0.9687352463588672,0.8202301595075161,Все категории,10,ensemble,6048,3,-99.2812129916889,-1.5111297218856752,0.2698674650703227,0.9995039682539683,0.0
1593.9565111215472,0.04809524154110175,0.9743836206315849,0.852707861193686,Все категории,10,ensemble_fm,6048,3,-99.33462088729887,-1.5130795074446275,0.2694280563143151,0.9990079365079365,0.0
1856.4668318167699,0.05601609583842835,0.9655779428558859,0.8020759161179065,Все категории,10,factor_national,6048,3,-99.2250389237758,-1.5118735624041237,0.26969972425270167,0.9970238095238095,0.0
1893.820985558547,0.05714320127338787,0.9641163433149278,0.7936718353003227,Все категории,10,factor_panel,6048,3,-99.20944585489406,-1.5127367805538614,0.26950522847461733,0.9990079365079365,0.0
1978.1868793210317,0.05968881529110195,0.9621183059173268,0.7821832795807541,Все категории,10,factor_region,6048,3,-99.17422826699737,-1.511514179848456,0.2697807508415154,0.9990079365079365,0.0
5563.983465608466,0.16788483678318475,0.6782424340012283,-0.8500803486501827,Все категории,10,naive,6048,3,-97.67737804915052,-1.4690341386048884,0.27957886610085425,0.90625,3.9893800631777426e-293
3651.4932698685357,0.11017832015784702,0.8621764909791141,0.20752581270295423,Все категории,10,prophet,6048,3,-98.4757254448368,-1.4925125886031219,0.2741090609856973,0.9756944444444444,0.0
239556.13885305263,7.228246367075885,-496162.38490522164,-2852898.9008415285,Все категории,10,prophet_log_y,6048,3,,,,,
4336.200562169312,0.13083833338806272,0.8495757856789495,0.13507276196395257,Все категории,10,snaive,6048,3,-98.18990213194695,-1.4938480799658942,0.27380200038569724,0.9489087301587301,0.0
1811.2078003959912,0.054650472602843926,0.9608961245524392,0.7751558341851931,Все категории,10,snaive_drift,6048,3,-99.24393179441458,-1.5084924055453641,0.27046326210757676,0.9965277777777778,0.0
2297.097273411568,0.06737145529499194,0.9456419866797974,0.829478423885806,Все категории,11,chronos_bolt,4032,2,-99.37969259151787,,,1.0,0.0
8513.729315621513,0.24969875704444716,0.3666474715144542,-0.9868325716224451,Все категории,11,chronos_bolt_raw,4032,2,-97.70095527541667,,,0.9553571428571429,0.0
1936.2016136937539,0.056786763873228625,0.9632522861922795,0.884722091659724,Все категории,11,ensemble,4032,2,-99.47714873932806,,,1.0,0.0
1893.2322618735043,0.05552651782325909,0.9671570504660323,0.8969713722651879,Все категории,11,ensemble_fm,4032,2,-99.48875216926561,,,1.0,0.0
2207.649643398083,0.06474805006246273,0.9562922358242979,0.8628883511293042,Все категории,11,factor_national,4032,2,-99.40384700074152,,,1.0,0.0
2076.6602609888296,0.06090626877472601,0.9607057026990817,0.8767334363641651,Все категории,11,factor_panel,4032,2,-99.43921933141357,,,1.0,0.0
2094.1746388836395,0.061419947120444185,0.9604560264734421,0.8759501998013514,Все категории,11,factor_region,4032,2,-99.43448975444315,,,1.0,0.0
6584.401041666667,0.19311358102137494,0.5042649848160601,-0.555125196099501,Все категории,11,naive,4032,2,-98.22195046163743,,,0.9920634920634921,0.0
4382.4333744994165,0.1285321773661208,0.8285766553707011,0.4622434279052169,Все категории,11,prophet,4032,2,-98.81656910186307,,,0.9900793650793651,0.0
370315.9501242211,10.860978665376004,-732616.8177798933,-2298227.6758949417,Все категории,11,prophet_log_y,4032,2,,,,,
4278.822668650793,0.12549338396457016,0.8583021092454677,0.5554924437508917,Все категории,11,snaive,4032,2,-98.8445481035274,,,0.9970238095238095,0.0
1948.1680367538795,0.05713772651881084,0.9567215363961502,0.8642350708798541,Все категории,11,snaive_drift,4032,2,-99.47391733029582,,,0.9985119047619048,0.0
1703.163214516291,0.04608272898958354,0.9728909291107817,0.15927196993592507,Все категории,12,chronos_bolt,2016,1,-99.79948633126183,,,0.9905753968253969,0.0
11065.361643473307,0.2993970615627312,0.17923106006604628,-24.454338026866544,Все категории,12,chronos_bolt_raw,2016,1,-98.69727326181271,,,0.9424603174603174,0.0
1460.0137289237418,0.0395037988242204,0.9799519014631619,0.3782524506913355,Все категории,12,ensemble,2016,1,-99.82811235781784,,,0.9940476190476191,0.0
1363.0727154480119,0.03688085205440869,0.9827424525108733,0.46479523538222534,Все категории,12,ensemble_fm,2016,1,-99.8395252383319,,,0.9950396825396826,0.0
1583.4345365366314,0.042843213144835364,0.9761273940042922,0.2596437888526275,Все категории,12,factor_national,2016,1,-99.81358200704338,,,0.9940476190476191,0.0
1583.4345365366314,0.042843213144835364,0.9761273940042922,0.2596437888526275,Все категории,12,factor_panel,2016,1,-99.81358200704338,,,0.9940476190476191,0.0
1583.4345365366312,0.04284321314483536,0.9761273940042922,0.2596437888526276,Все категории,12,factor_region,2016,1,-99.81358200704338,,,0.9940476190476191,0.0
1583.4345365366312,0.04284321314483536,0.9761273940042922,0.2596437888526276,Все категории,12,lgbm,2016,1,-99.81358200704338,,,0.9940476190476191,0.0
1583.4345365366312,0.04284321314483536,0.9761273940042922,0.2596437888526276,Все категории,12,lgbm_no_events,2016,1,-99.81358200704338,,,0.9940476190476191,0.0
4703.629960317461,0.1272667838767028,0.8429558243227026,-3.870378663649495,Все категории,12,naive,2016,1,-99.44624091708214,,,0.9806547619047619,0.0
2900.6377571677835,0.07848296776329762,0.9226663252869503,-1.3983333204154995,Все категории,12,prophet,2016,1,-99.65850746809646,,,0.9732142857142857,0.0
849400.0559833844,22.98233795211233,-1793187.9154893975,-55611797.3760086,Все категории,12,prophet_log_y,2016,1,,,,,
4703.629960317461,0.1272667838767028,0.8429558243227026,-3.870378663649495,Все категории,12,snaive,2016,1,-99.44624091708214,,,0.9806547619047619,0.0
1416.1153136238715,0.0383160331667108,0.9803199907669528,0.3896679284304436,Все категории,12,snaive_drift,2016,1,-99.83328052504254,,,0.9940476190476191,0.0
